0,3680
1,0
2,11
3,104/3
4,6
5,1290
6,600
7,1545
8,8.8
9,3
10,41
11,0.105
12,80
13,56
14,36
15,8172
16,6
17,23.9
18,311.68125
19,10
20,12
21,5
22,100
23,68
24,275
25,58
26,1
27,64
28,0.6π
29,1950
30,129.6
31,80
32,9
33,108
34,33
35,21/20
36,251
37,5
38,14/15
39,48
40,400
41,24
42,83
43,500
44,4
45,179
46,95
47,288
48,40
49,280
50,656
51,9
52,7600
53,280
54,800
55,120
56,142
57,4625
58,1248
59,9
60,13
61,1101
62,1300
63,738
64,1176
65,701.6
66,12399.6
67,400
68,3360
69,45
70,10
71,73.2
72,7200
73,1
74,200
75,3.8
76,2.5
77,13/20
78,24
79,194
80,4.1
81,55
82,8
83,392
84,260
85,20%
86,15
87,140
88,402
89,374
90,25.604
91,980
92,64
93,3235
94,1536
95,2155.9
96,4
97,16x
98,3
99,260
100,2288
101,400
102,3388.8
103,14
104,5
105,20
106,5/9
107,427.5
108,10.9
109,6
110,7/10
111,1200
112,560
113,1500
114,None
115,160
116,11385
117,623
118,192
119,124
120,1.54
121,25
122,10
123,69
124,2000
125,50%
126,271
127,0
128,124
129,760
130,7/9
131,6089
132,10
133,10
134,11200
135,14
136,595
137,50
138,32
139,88
140,90
141,409
142,96
143,15
144,8065.2672
145,356
146,12
147,8400
148,2400
149,8
150,2/9
151,494
152,8.75
153,490
154,8000
155,3/10
156,42.8512
157,600
158,28
159,8700
160,30
161,5
162,5
163,6
164,7
165,1350
166,336
167,750
168,10
169,312
170,3_1/3
171,7
172,280
173,144
174,11/35
175,14
176,44
177,9
178,32
179,11
180,80
181,87.92
182,12
183,27
184,11/20
185,650
186,5000
187,10
188,78
189,14
190,782
191,120.76
192,10395
193,880
194,12400
195,1018.6
196,704
197,2.09955
198,450
199,272
200,450
201,114
202,18
203,7/20
204,500
205,40
206,4/9
207,6
208,40
209,1392.5
210,6
211,34.01
212,3111
213,1385.1
214,6
215,612500
216,425
217,3
218,2640
219,200
220,5
221,333
222,20
223,8
224,125.6
225,1872
226,32
227,9
228,6/7
229,201.6
230,190
231,293
232,3525
233,207
234,684
235,60
236,691
237,4950
238,1/18
239,205
240,816
241,283.2
242,5/2
243,5375
244,432
245,3/5
246,25.12
247,73/48
248,240
249,81
250,None
251,60
252,3162
253,1260
254,47.5
255,9_6/5
256,1536
257,7
258,490
259,5
260,2750
261,1
262,81
263,400/3
264,24/5
265,6
266,11/24
267,276
268,26
269,94
270,25000
271,12300
272,750
273,12
274,520
275,1730
276,-289
277,5.4
278,32
279,750
280,1491.04
281,7
282,6
283,736
284,64
285,18
286,240
287,579
288,313.6
289,2250
290,944
291,5
292,8
293,546
294,16
295,19
296,844800
297,10
298,4
299,91
300,224
301,27/20
302,8
303,8
304,81
305,189000000
306,0
307,20
308,10
309,12
310,71.4
311,450
312,315
313,2/7
314,36
315,60
316,4
317,324
318,900
319,70/3
320,4
321,432
322,1/2
323,37/40
324,6%
325,6
326,3450
327,71.25
328,890
329,1
330,10123.75
331,444000
332,16000
333,300
334,1
335,1344
336,10
337,1458
338,6
339,10
340,0.188
341,90
342,20
343,7
344,60
345,47_13/21
346,48
347,5
348,425
349,12
350,0.32
351,600
352,465
353,1488
354,168
355,140
356,173.25
357,7.5
358,2.5
359,12
360,11304
361,402.784
362,45
363,9
364,17.5
365,540
366,11/35
367,32
368,0%
369,209
370,150
371,320
372,10
373,7
374,36
375,1350
376,591
377,907.52
378,4429
379,11
380,70
381,43
382,2/5
383,6240
384,56375
385,93
386,9
387,65.94
388,0
389,19
390,3
391,3264
392,768
393,800
394,9.42
395,237150
396,450
397,11.5
398,6592
399,13
400,72
401,136
402,864
403,1
404,350
405,32
406,15
407,4/15
408,5
409,9.42
410,12
411,5
412,1/4
413,800
414,10
415,516
416,55
417,8
418,1320
419,20
420,3/4
421,0.5
422,303
423,102.5
424,1.12
425,151.2
426,1.8
427,640
428,72
429,2500
430,580
431,1280
432,384
433,112
434,13060
435,31
436,408
437,44
438,1.1
439,6300
440,1/4
441,25
442,520
443,5
444,64
445,765
446,3/5
447,0.47
448,20
449,1920
450,1036
451,68
452,1.566%
453,10
454,30
455,133
456,1080
457,6
458,76
459,390
460,24
461,2400
462,33
463,816
464,12
465,1710
466,3267000
467,246
468,21
469,35
470,12
471,16
472,700
473,125.6
474,6
475,21
476,534
477,10000000
478,1152
479,231
480,32
481,533
482,19/20
483,3.2
484,30
485,280
486,132
487,216
488,16
489,78
490,22
491,96
492,260
493,44.72
494,440
495,2092.34
496,1080
497,1440
498,80
499,1344
500,272
501,800
502,320
503,750
504,885
505,649
506,-450
507,700
508,188.4
509,38
510,13200
511,14
512,53/40
513,0.0007259
514,120
515,58
516,786
517,1
518,1%
519,658
520,45
521,8
522,355
523,1800
524,5/8
525,200
526,340
527,100
528,20
529,745.6
530,120
531,16/3
532,150
533,418.15
534,13.5
535,45
536,1.44
537,21
538,7
539,57.6
540,35_5/9
541,100
542,216
543,600
544,44
545,120
546,9.42
547,84
548,10
549,60
550,1730
551,113.04
552,48
553,无
554,1100
555,750
556,11
557,378
558,32.075
559,50.24
560,0.48
561,6
562,24/5
563,90
564,4
565,12
566,210
567,2530
568,5040/17
569,2500
570,266
571,16.8
572,10700
573,24
574,52500
575,44.95
576,2
577,2
578,109_1/36
579,11/15
580,1600
581,0
582,514.3
583,576
584,5
585,12
586,33
587,33
588,500
589,240
590,79
591,16
592,180
593,4
594,4
595,16π
596,1.8
597,930
598,192
599,60000
600,392
601,12.5
602,3
603,640
604,435
605,2/5
606,25000
607,15
608,5
609,62
610,90
611,197
612,116
613,180
614,9.6
615,9360
616,116.8
617,40
618,28.26
619,90
620,99.4
621,50
622,0.0125
623,114
624,196
625,15
626,550
627,180
628,53
629,9
630,15
631,7.85
632,3
633,2000
634,422
635,5%
636,15
637,75%
638,99%
639,5
640,10
641,12
642,45
643,48
644,905
645,48
646,6
647,14
648,0.00215
649,200/7
650,340
651,6
652,11
653,11
654,98%
655,49
656,80
657,0.2%
658,1.5
659,95%
660,60
661,400
662,950
663,75%
664,60
665,1094.5
666,50
667,103
668,8
669,36000
670,40
671,490
672,3
673,160
674,0.5
675,92%
676,8
677,6
678,98%
679,96%
680,3
681,460
682,120
683,450
684,2x
685,101
686,3360
687,100
688,36
689,25.5
690,300
691,180000
692,81
693,1
694,30
695,550
696,16
697,20
698,31/40
699,60
700,120
701,24
702,5
703,7.5
704,11
705,0.875
706,94%
707,5/8
708,20
709,66
710,0.64
711,57
712,2400000
713,0.3
714,10%
715,1000
716,240
717,0.24
718,96
719,66
720,150
721,37.68
722,120
723,80
724,100
725,425
726,42.5
727,117
728,1
729,1120
730,480
731,30
732,32
733,100
734,29.5
735,0.135
736,13
737,2
738,71
739,160
740,95%
741,2.5
742,1/8
743,5
744,565
745,1280
746,5/24
747,156
748,108
749,156
750,11
751,无 解析过程：
752,105
753,11
754,14.07
755,250
756,2.5
757,22
758,0.6
759,300
760,200/3
761,15
762,19.14
763,4
764,88
765,480
766,21944
767,2
768,4000
769,10
770,851
771,50
772,187
773,127_2/3
774,18000
775,12
776,1884/125
777,2520，480
778,280
779,4
780,5
781,13760
782,24000
783,5
784,117
785,156
786,39.4244
787,10
788,33.75
789,38.4
790,2%
791,216
792,612.5
793,5
794,118.32
795,2450
796,4
797,50
798,None
799,75
800,28.6
801,55
802,24
803,38，50
804,57
805,4.4
806,20
807,60
808,3.75
809,256/27
810,7.8
811,7.1
812,20
813,28.26
814,25
815,4000
816,2000
817,60
818,30
819,120
820,122
821,360和600
822,66
823,44
824,50.24
825,300
826,4971.6
827,None
828,1200
829,20
830,0.00030145
831,320
832,547.2
833,270
834,155
835,5
836,45
837,512
838,44
839,5
840,5/3
841,5/3
842,8
843,825
844,546
845,32
846,-8
847,42
848,-84990
849,16/5
850,8000
851,1650
852,29
853,24
854,20
855,3/13
856,19
857,328
858,10
859,17/3
860,73800
861,180
862,48
863,2/7
864,24
865,892
866,0.0154
867,25
868,None
869,1.43
870,2.4
871,0
872,9
873,6216
874,89.14
875,5
876,2500
877,14.3%
878,12.56
879,78.5%
880,64
881,100
882,7.5
883,21
884,None
885,11，30
886,None
887,1.57
888,139/4
889,43
890,2
891,5172.75
892,130
893,83.3%
894,72
895,9
896,585
897,10
898,0.09
899,2400
900,4000
901,207000
902,5
903,600
904,16
905,6000000
906,61
907,630
908,25
909,9.858
910,19/300
911,6.30
912,16
913,19
914,1
915,385
916,7536
917,141.3
918,37.68
919,5.4
920,200
921,4
922,6
923,96%
924,120
925,25.5
926,96%
927,260
928,10/3
929,54.2
930,1
931,105000
932,192
933,72
934,7.1
935,3500
936,90
937,24
938,6.66
939,10
940,16
941,19
942,210
943,24
944,5
945,5/12
946,176
947,6
948,30
949,36
950,0.6
951,12
952,48
953,255
954,593
955,10
956,16
957,0.02
958,22000
959,13
960,60
961,8
962,640
963,93289.75
964,16
965,23，97
966,25
967,None
968,12
969,3/8
970,381
971,9
972,3424
973,785
974,41
975,18
976,70
977,8-8_/_
978,110
979,910
980,131.5
981,11/9
982,0.03
983,448
984,1%
985,74
986,None
987,10
988,6
989,250
990,24
991,2760
992,581
993,700
994,5.6%
995,13872
996,1/11
997,28/3
998,72
999,1/5
1000,7.85
1001,504
1002,89
1003,45
1004,6
1005,10%
1006,2
1007,31
1008,1003886
1009,5/8
1010,0.25
1011,163
1012,312.5
1013,4%
1014,13
1015,20
1016,6
1017,37_5/2
1018,104
1019,2/3
1020,6
1021,150%
1022,14%
1023,0.0628
1024,200
1025,44080
1026,16000
1027,1/4
1028,228
1029,108
1030,15，20
1031,215.5
1032,102
1033,1.5
1034,25/3
1035,270
1036,0.36
1037,30
1038,105
1039,40/7
1040,5/48
1041,5500
1042,2
1043,10.0
1044,2.875
1045,2744
1046,9/4
1047,27
1048,9993
1049,412.5
1050,150
1051,100
1052,240
1053,10/7
1054,2700
1055,0.01
1056,4.32
1057,169.56
1058,1/2
1059,512
1060,50
1061,11
1062,5.3
1063,2
1064,60
1065,20
1066,6
1067,18
1068,150
1069,45
1070,50
1071,12.5
1072,114
1073,100
1074,1/25
1075,4138
1076,20
1077,272
1078,0.6
1079,1/4
1080,688
1081,105，84
1082,33
1083,20
1084,130000000
1085,12.2
1086,3/10
1087,480
1088,0.444
1089,0.0144
1090,105
1091,45
1092,4875
1093,76
1094,85440
1095,18
1096,1440
1097,5/8
1098,70
1099,120
1100,2/7
1101,16
1102,859
1103,35
1104,285
1105,4/5
1106,66.9
1107,12
1108,18
1109,16
1110,27
1111,3
1112,45.12
1113,-50%
1114,800
1115,68
1116,6
1117,40
1118,8
1119,3
1120,15
1121,30
1122,6
1123,10
1124,16
1125,857
1126,12/5
1127,2
1128,100
1129,4
1130,0.66
1131,26
1132,30
1133,550
1134,128
1135,75
1136,6.26
1137,15
1138,480
1139,100
1140,9000
1141,27
1142,6
1143,180
1144,6
1145,4
1146,300
1147,1629
1148,146
1149,19.3
1150,0.087
1151,10
1152,1/2
1153,770
1154,3
1155,180
1156,0
1157,30
1158,1154
1159,0
1160,42
1161,11
1162,120
1163,40
1164,8965
1165,1
1166,6
1167,20
1168,24
1169,15
1170,11.1%
1171,900
1172,120
1173,840
1174,1.5
1175,98%
1176,57.5
1177,60000
1178,7700
1179,264
1180,1
1181,4500
1182,24
1183,104
1184,109
1185,120
1186,2
1187,20
1188,602
1189,199
1190,80
1191,120
1192,0.27
1193,36000
1194,96
1195,5%
1196,0.1167
1197,45
1198,252
1199,125.6
1200,486
1201,2.5
1202,190
1203,25%
1204,5100
1205,28125/160000
1206,19
1207,188
1208,2
1209,8.25
1210,800
1211,330
1212,13/15
1213,75%
1214,120000
1215,20
1216,43.5，43.5
1217,24
1218,-10
1219,3/4
1220,11/15
1221,60
1222,2.25
1223,191.8
1224,48
1225,33_3/6
1226,60π
1227,100+200sqrt2
1228,19
1229,30
1230,1
1231,1
1232,54
1233,None
1234,6300
1235,1/24
1236,30
1237,90
1238,7
1239,341
1240,-4%
1241,8
1242,-236
1243,80
1244,0
1245,4200
1246,85
1247,89
1248,56
1249,180
1250,24
1251,45
1252,25
1253,16
1254,36
1255,8
1256,30
1257,38
1258,24
1259,16
1260,53
1261,22
1262,4
1263,37
1264,6
1265,45
1266,8
1267,13
1268,23
1269,18
1270,55
1271,53
1272,30
1273,26
1274,46
1275,16
1276,102
1277,6
1278,84
1279,30
1280,81
1281,51
1282,84
1283,24
1284,48
1285,40
1286,24
1287,35
1288,27
1289,48
1290,9
1291,7/5
1292,26
1293,10
1294,20
1295,0
1296,10
1297,3
1298,8
1299,6
1300,6
1301,20
1302,6
1303,5
1304,6
1305,6
1306,4_2
1307,5
1308,8
1309,9
1310,7
1311,7
1312,4
1313,32
1314,4
1315,9
1316,13
1317,42
1318,62
1319,6
1320,7
1321,4
1322,80
1323,31
1324,28
1325,40
1326,17
1327,19
1328,20
1329,6
1330,42
1331,6
1332,76
1333,18
1334,4
1335,75
1336,162
1337,None
1338,132
1339,5
1340,73
1341,24
1342,6
1343,7
1344,24
1345,84
1346,31
1347,24
1348,6
1349,17
1350,45
1351,16
1352,19
1353,28
1354,9
1355,0.18
1356,162
1357,75.36
1358,160
1359,0.3
1360,72
1361,115260
1362,30000
1363,5/1
1364,36
1365,80%
1366,20
1367,8
1368,9600
1369,144
1370,16
1371,729
1372,335
1373,60
1374,76.5
1375,4/5
1376,2000
1377,128
1378,600000
1379,30
1380,2.7
1381,1356.48
1382,400
1383,28
1384,440
1385,3
1386,8
1387,2
1388,150
1389,5.3
1390,42
1391,30
1392,48000
1393,260
1394,40
1395,16
1396,1000
1397,60
1398,100
1399,840
1400,12
1401,180
1402,640
1403,15
1404,30
1405,3
1406,82.8
1407,77
1408,787
1409,150
1410,139
1411,1/3
1412,4000
1413,40
1414,204
1415,5400
1416,300
1417,3
1418,240
1419,31
1420,53/60
1421,30.6
1422,33.45
1423,3.6
1424,8
1425,9
1426,9
1427,4
1428,294
1429,13
1430,22.5
1431,28
1432,108
1433,118
1434,36
1435,44.3
1436,207
1437,270.84
1438,196.25
1439,72
1440,120
1441,10
1442,110
1443,9636
1444,18
1445,None
1446,13950
1447,103
1448,0.5
1449,4
1450,176
1451,2.8
1452,180
1453,307
1454,36
1455,L×W
1456,169
1457,31
1458,10
1459,9
1460,60200
1461,560
1462,92
1463,189
1464,24
1465,290
1466,28
1467,206
1468,8.5
1469,1.1
1470,137
1471,22
1472,400/pi
1473,11.25
1474,26
1475,12
1476,50
1477,9000
1478,1004
1479,16
1480,0.6
1481,9576000000
1482,15
1483,3
1484,48/119
1485,25
1486,11
1487,33
1488,20
1489,56
1490,3.5
1491,26
1492,50
1493,9125
1494,32
1495,3.0055
1496,5
1497,4
1498,8.08
1499,2370
1500,91
1501,3.6
1502,149
1503,4
1504,371
1505,27
1506,59
1507,2304
1508,25
1509,180
1510,945
1511,50
1512,64
1513,180
1514,70
1515,520
1516,36
1517,1.55
1518,19895
1519,None
1520,90
1521,40
1522,300
1523,82
1524,331
1525,36
1526,62.8
1527,-7.2
1528,1/32
1529,780
1530,200
1531,22，10
1532,837.5
1533,145
1534,3380
1535,0.5
1536,2.5
1537,30
1538,1/21
1539,160
1540,128
1541,301.44
1542,无 解析过程：
1543,90
1544,12.2
1545,400
1546,650
1547,20
1548,1
1549,34
1550,2307_6/13
1551,56
1552,700
1553,2250
1554,1.25
1555,628
1556,113.04
1557,1.4
1558,0.4
1559,2000000
1560,1600
1561,17
1562,50
1563,33
1564,672
1565,25/3
1566,360
1567,49/12
1568,4167
1569,9
1570,3400
1571,2.4
1572,31.4
1573,7.5
1574,132
1575,18
1576,9420
1577,2.7
1578,210
1579,306
1580,125
1581,64
1582,25
1583,250
1584,125
1585,1400/3
1586,300
1587,40
1588,82
1589,1.2
1590,73
1591,320
1592,108
1593,175
1594,50
1595,28
1596,5.2
1597,1.286%
1598,1
1599,154
1600,30
1601,1
1602,40
1603,800
1604,16
1605,40%
1606,1512
1607,894
1608,6
1609,46.8
1610,5024
1611,5024
1612,8500
1613,17_7/8
1614,37.68
1615,52
1616,877
1617,23.5
1618,150
1619,192
1620,45
1621,35
1622,181.44
1623,120
1624,30
1625,314
1626,1
1627,2500000
1628,1_1/4
1629,5
1630,1600
1631,28.8
1632,15
1633,2
1634,8.5×10⁻⁶
1635,200
1636,（具体数值取决于实际长度，这里只写公式）
1637,13.5
1638,24
1639,0.16
1640,84
1641,0.001
1642,504
1643,720
1644,12.36
1645,4
1646,12.56
1647,25_√2
1648,164
1649,27
1650,1770
1651,270
1652,10
1653,4
1654,276%
1655,200π
1656,1.2
1657,25
1658,60
1659,201/1000
1660,100
1661,4
1662,30/7
1663,x-1
1664,3.2
1665,3
1666,36
1667,11
1668,625
1669,58.33
1670,2/5
1671,10.945
1672,50
1673,30
1674,50
1675,81
1676,252
1677,1
1678,412
1679,500
1680,3_68/10
1681,103
1682,152
1683,600
1684,4.82
1685,2
1686,150
1687,0.5
1688,950.5
1689,150
1690,1120
1691,25600000000000
1692,9600000000
1693,250
1694,37.8
1695,135
1696,10400
1697,1
1698,30
1699,16
1700,13.5
1701,10/3
1702,6.86
1703,-6.8
1704,64/45
1705,0.25
1706,8/9
1707,6
1708,150
1709,4.3
1710,384
1711,34
1712,0.3
1713,40.4
1714,0
1715,360
1716,90
1717,45
1718,15
1719,720
1720,2/5
1721,3.289932
1722,18
1723,432
1724,120.105
1725,1408
1726,5
1727,50_24/100
1728,8
1729,2880
1730,6/5
1731,3
1732,110
1733,37.5
1734,25
1735,50
1736,140/9
1737,130
1738,322.5
1739,122
1740,26
1741,60
1742,37.2
1743,1380
1744,100
1745,16
1746,80
1747,2512
1748,21
1749,600
1750,794
1751,136
1752,7
1753,1.74
1754,25
1755,9/5
1756,12
1757,300
1758,1800
1759,60
1760,17
1761,192
1762,-32.13
1763,526
1764,20
1765,1200
1766,50
1767,30
1768,36
1769,8
1770,1/51
1771,64/71
1772,720
1773,2682
1774,12.8
1775,48
1776,800
1777,-350
1778,23760
1779,1014
1780,200
1781,9
1782,1175
1783,1800
1784,71
1785,2
1786,9
1787,6
1788,952
1789,6
1790,600
1791,250
1792,20
1793,11460
1794,5
1795,20
1796,5
1797,325/3
1798,24
1799,500
1800,80
1801,15/34
1802,3360
1803,66.67
1804,300
1805,942
1806,7200
1807,9
1808,66.67
1809,8
1810,660
1811,8
1812,301.44
1813,30
1814,7
1815,45
1816,0
1817,20
1818,102
1819,72
1820,7040
1821,9
1822,21571
1823,9
1824,3796.4
1825,655
1826,10
1827,6
1828,80
1829,222.94
1830,40
1831,3
1832,5
1833,5928
1834,272
1835,98.4
1836,2745
1837,5
1838,13
1839,4
1840,None
1841,2
1842,12
1843,4
1844,28
1845,None
1846,3/50
1847,654
1848,9
1849,3000
1850,818
1851,158_38/25
1852,35
1853,1035
1854,3
1855,12
1856,1440
1857,95000
1858,60
1859,89
1860,24
1861,7.3
1862,96
1863,8
1864,7
1865,7
1866,1210
1867,6
1868,2990
1869,6720
1870,490
1871,30
1872,5400
1873,8000
1874,5
1875,10
1876,24
1877,6
1878,450
1879,46
1880,25.905
1881,7.35
1882,6
1883,3888
1884,1088
1885,19
1886,20
1887,6
1888,90
1889,3
1890,16
1891,52%
1892,54
1893,16×3.14=50.24
1894,299
1895,16384
1896,1/7
1897,3
1898,0.16
1899,136
1900,1
1901,40
1902,36
1903,2.1
1904,3
1905,72
1906,420
1907,888
1908,27
1909,63
1910,236.5
1911,249
1912,12
1913,9
1914,14.85
1915,108
1916,0.375
1917,11
1918,17
1919,96
1920,12
1921,306
1922,11
1923,5166
1924,12
1925,108
1926,640
1927,72
1928,9
1929,200.96
1930,32
1931,128.88
1932,160
1933,360
1934,-33500
1935,3
1936,75.36
1937,3.3552
1938,117
1939,40
1940,533_3/5
1941,0.42
1942,6.28
1943,400
1944,80.7
1945,2
1946,605，4840
1947,109.375
1948,24
1949,0.32
1950,20%
1951,7
1952,5
1953,5.8
1954,8
1955,4900
1956,2.85
1957,217
1958,34.54
1959,92
1960,16
1961,0.032
1962,3740
1963,0.5
1964,38624
1965,4
1966,565
1967,280
1968,2.3096875
1969,25
1970,89
1971,4.1
1972,36
1973,1.7
1974,6
1975,42
1976,3.8
1977,2.5
1978,105
1979,7
1980,3000
1981,27
1982,14.4
1983,25
1984,6
1985,−42
1986,300
1987,1/10
1988,4/5
1989,4300
1990,202
1991,13
1992,-9994
1993,213.75
1994,22
1995,4605
1996,0.769
1997,18
1998,0.035
1999,1.6
2000,1_30
2001,168
2002,22
2003,81
2004,80
2005,45
2006,260
2007,885
2008,900
2009,521
2010,0.882
2011,45
2012,200
2013,2.8125
2014,2
2015,297
2016,14
2017,4.0
2018,9000
2019,120
2020,70
2021,97_15/100
2022,800
2023,400
2024,420
2025,3.6
2026,50
2027,166
2028,60
2029,15%
2030,-39/40%
2031,9
2032,63
2033,84
2034,518400
2035,2300
2036,648
2037,720
2038,384
2039,3
2040,64
2041,113.04
2042,0.999
2043,5
2044,4.84375
2045,2
2046,1200
2047,10
2048,7
2049,20
2050,9.42
2051,1021
2052,48
2053,748.8
2054,5
2055,201.44
2056,180
2057,600
2058,0.3
2059,1900000
2060,50
2061,40
2062,不够
2063,30.2
2064,60
2065,340
2066,7500
2067,1
2068,50.24
2069,315
2070,504/47
2071,260
2072,3
2073,9.6
2074,22
2075,123
2076,900
2077,4
2078,400
2079,2000
2080,2.9
2081,20
2082,35
2083,10
2084,15
2085,80
2086,376.8
2087,54
2088,300
2089,1740
2090,112
2091,108
2092,1/10
2093,900
2094,672
2095,31696
2096,62.8
2097,45
2098,2
2099,27.96
2100,420
2101,2000
2102,2
2103,50
2104,96
2105,173
2106,100
2107,25.12
2108,1560
2109,5064
2110,22
2111,6
2112,96
2113,158.208
2114,48
2115,622
2116,1.8
2117,200
2118,157
2119,84
2120,15
2121,88
2122,690.8
2123,68.91
2124,1.1
2125,4
2126,830
2127,99
2128,268
2129,80
2130,12/5
2131,300
2132,16
2133,3720
2134,7
2135,1314
2136,23
2137,7
2138,29
2139,12
2140,2.5
2141,10
2142,10
2143,11
2144,4
2145,9
2146,1296
2147,24
2148,2
2149,10
2150,6.7704
2151,56.52
2152,10
2153,1600
2154,699
2155,12
2156,11
2157,120
2158,15
2159,45.216
2160,14.51
2161,480
2162,732
2163,48
2164,22
2165,2
2166,-124
2167,470
2168,182_0.8
2169,3/100
2170,2
2171,0
2172,32.5%
2173,10206.86
2174,6
2175,12%
2176,65%
2177,17
2178,214
2179,80
2180,15700
2181,45000
2182,715
2183,27/17
2184,181
2185,100
2186,40.3
2187,441
2188,896
2189,300
2190,900
2191,12
2192,30
2193,168
2194,2
2195,3400
2196,24
2197,0.4
2198,400
2199,11
2200,470
2201,176
2202,2520
2203,11400
2204,3
2205,8
2206,6
2207,40.32
2208,16
2209,70
2210,516
2211,497.26
2212,165
2213,36
2214,1.54
2215,2
2216,9
2217,846
2218,10
2219,12
2220,2722.5
2221,3660
2222,100
2223,60
2224,7.82
2225,36000
2226,24000
2227,80
2228,214.2
2229,2000
2230,75.36
2231,4
2232,20/3
2233,4.5
2234,1.07
2235,1.04
2236,18
2237,106/3
2238,44
2239,-3200/3
2240,3000
2241,3000
2242,6
2243,6290
2244,45
2245,1.8
2246,12
2247,243
2248,4.5
2249,800
2250,376.8
2251,62.5
2252,114
2253,24
2254,1440
2255,9
2256,60
2257,5750
2258,32
2259,0
2260,72
2261,16%
2262,22%
2263,13/15
2264,None
2265,50
2266,232
2267,22.5
2268,19
2269,864
2270,12
2271,30
2272,46.2
2273,5
2274,1
2275,729
2276,1053
2277,320
2278,10
2279,1
2280,45
2281,216
2282,28800
2283,1190
2284,3564
2285,90
2286,8
2287,0.125
2288,12
2289,640
2290,150
2291,0
2292,45
2293,100
2294,48
2295,50.24
2296,72
2297,5
2298,300
2299,125.6
2300,24
2301,21
2302,450
2303,18
2304,52.8
2305,19.5
2306,None
2307,102
2308,14
2309,8
2310,8
2311,6
2312,200
2313,1200
2314,5250
2315,6
2316,1772
2317,210
2318,14.4
2319,48
2320,63
2321,360
2322,278
2323,21.6
2324,60
2325,900
2326,1537
2327,70
2328,15
2329,13
2330,750
2331,79
2332,0.42
2333,4200
2334,0.576
2335,100
2336,12
2337,5
2338,693
2339,2
2340,2
2341,1520
2342,57/8
2343,53
2344,1/7
2345,98
2346,52
2347,72
2348,48
2349,327
2350,1080
2351,10
2352,24/13
2353,12
2354,150
2355,240
2356,168
2357,13
2358,28
2359,1243
2360,29.26
2361,13
2362,448
2363,8.8
2364,476
2365,330
2366,20
2367,13.18656
2368,4
2369,4
2370,28/75
2371,7
2372,1.1304
2373,59
2374,118
2375,12
2376,10
2377,43
2378,None
2379,17/3
2380,3/1
2381,24
2382,5sqrt(34)/34
2383,219
2384,1540
2385,111
2386,110
2387,930
2388,15
2389,0.75
2390,3
2391,2
2392,210
2393,1.5
2394,27.8
2395,5
2396,200
2397,29/7
2398,24/25
2399,125%
2400,14.7
2401,221/4
2402,0.002
2403,8
2404,910
2405,40
2406,72
2407,7.8
2408,11.2
2409,-3.14
2410,24
2411,None
2412,5
2413,4
2414,52
2415,1.3125
2416,12.56
2417,175.142857
2418,26
2419,42.5
2420,313.7
2421,384
2422,5
2423,2/45
2424,3.3
2425,3.14
2426,58
2427,8
2428,75
2429,7.2
2430,2x
2431,40
2432,4
2433,3
2434,60
2435,3
2436,58.2
2437,85.824
2438,19
2439,8
2440,27
2441,189
2442,36
2443,9
2444,539/20
2445,1
2446,250/3
2447,1995
2448,28
2449,600
2450,1650
2451,30
2452,8
2453,99.2
2454,52.5
2455,24
2456,20%
2457,176
2458,80
2459,1256
2460,65
2461,6
2462,10
2463,28
2464,5011.44
2465,90
2466,9.42
2467,1
2468,25
2469,0.64
2470,16
2471,42
2472,9
2473,120
2474,3000000
2475,0.02
2476,25
2477,2
2478,121_8/9
2479,60
2480,135/46
2481,16
2482,62
2483,7
2484,12.56
2485,700
2486,188.4
2487,882
2488,56
2489,8
2490,12
2491,2
2492,12
2493,2
2494,80
2495,98
2496,64
2497,10800
2498,1/4
2499,96
2500,18
2501,41
2502,5200/3
2503,29
2504,35%
2505,10
2506,4_4/9
2507,15.75
2508,216
2509,87.5
2510,600/17
2511,78.5
2512,7630
2513,9.42
2514,40
2515,80
2516,5.5
2517,4.0272
2518,56.52
2519,4
2520,196.5
2521,5840
2522,153.86
2523,4
2524,6
2525,1120+160sqrt(2)
2526,8
2527,724
2528,40
2529,66
2530,12
2531,30
2532,10
2533,60
2534,1
2535,6
2536,80
2537,216
2538,0.8
2539,120
2540,8
2541,9
2542,40.04
2543,2
2544,300
2545,12
2546,50
2547,200
2548,75
2549,20
2550,4
2551,5
2552,40
2553,12.5%
2554,23
2555,3.5
2556,392
2557,628
2558,3
2559,248320
2560,36%
2561,400，3600
2562,9.2
2563,12
2564,850/29
2565,15
2566,155
2567,50.24
2568,2
2569,720
2570,140
2571,2842
2572,8
2573,3
2574,15
2575,90
2576,4
2577,22.5
2578,15.7
2579,41.5
2580,8/3
2581,18
2582,12
2583,42
2584,19.625
2585,398.152
2586,60
2587,44
2588,42
2589,11
2590,1.5
2591,45
2592,45
2593,98
2594,80
2595,-36
2596,15/4
2597,2.65
2598,18/5
2599,80
2600,25
2601,3360
2602,3600
2603,8
2604,25.6
2605,54
2606,27
2607,250
2608,6.4
2609,None
2610,48
2611,50.24
2612,1364
2613,1200
2614,50
2615,11
2616,15
2617,1800
2618,540
2619,4
2620,75%
2621,0.2
2622,7/11
2623,8
2624,3
2625,0
2626,100.48
2627,184
2628,1
2629,350
2630,1
2631,3/2000000
2632,4
2633,305.5
2634,1
2635,50
2636,20
2637,276.6
2638,20
2639,24
2640,3
2641,233
2642,8:36
2643,2655
2644,28
2645,128
2646,37
2647,43
2648,无解析
2649,4760
2650,4
2651,2
2652,8
2653,140
2654,None
2655,2.4
2656,750
2657,38
2658,4.5
2659,82.6
2660,18.28
2661,None
2662,4
2663,912
2664,360
2665,1728
2666,3
2667,100%
2668,4
2669,46
2670,8/19
2671,800
2672,3500
2673,48
2674,20
2675,35
2676,24
2677,4
2678,672
2679,1804
2680,60
2681,65
2682,0.28
2683,1.5
2684,4000000000000
2685,2400
2686,15%
2687,10
2688,576
2689,14
2690,180
2691,4160
2692,40%
2693,246
2694,9.8
2695,10
2696,0
2697,530
2698,3
2699,24
2700,11
2701,1
2702,1200
2703,20
2704,0.084
2705,200
2706,4
2707,6
2708,6
2709,3700
2710,60
2711,14
2712,45
2713,720
2714,2
2715,370
2716,94.2
2717,65
2718,18
2719,2.5
2720,10850
2721,1512
2722,19200
2723,2223
2724,20400
2725,18/5
2726,5/8
2727,13
2728,2220
2729,10
2730,130
2731,810，21
2732,2
2733,200
2734,50
2735,600
2736,7.5
2737,1
2738,100
2739,22
2740,2
2741,10
2742,50
2743,4900
2744,32
2745,45
2746,-775
2747,24
2748,120
2749,320
2750,25
2751,16
2752,1000
2753,0.8
2754,1/2
2755,68.5714
2756,12.3
2757,200
2758,74
2759,0.924
2760,2
2761,48/7
2762,180
2763,432
2764,115
2765,20.8
2766,5
2767,10.5
2768,989
2769,0.4
2770,0.2
2771,26
2772,6
2773,30
2774,140/11
2775,24
2776,5
2777,14
2778,100
2779,250
2780,8
2781,17
2782,22.5
2783,4.5
2784,375
2785,7
2786,1460
2787,80
2788,50
2789,13
2790,7
2791,4
2792,36
2793,24
2794,197
2795,100
2796,56.7
2797,20/3
2798,1.95
2799,7
2800,26
2801,144
2802,7
2803,10000
2804,73.5
2805,250
2806,18
2807,15
2808,22.5
2809,16
2810,75.36
2811,1344
2812,1600/21
2813,15
2814,150.72
2815,2
2816,24
2817,36000
2818,49
2819,120
2820,3.14
2821,130
2822,6400
2823,29
2824,1
2825,70
2826,3520
2827,2
2828,250
2829,32
2830,35/6
2831,17
2832,19
2833,648
2834,348
2835,6
2836,19
2837,920
2838,200
2839,1/6
2840,2
2841,88
2842,29
2843,4
2844,1105
2845,11.296
2846,240
2847,12
2848,35.3975
2849,846
2850,9
2851,1
2852,0.4
2853,40
2854,24
2855,9.09%
2856,1
2857,28
2858,3
2859,8.01
2860,5500
2861,292
2862,8
2863,9.78
2864,28
2865,16
2866,10
2867,3
2868,4.71
2869,1000
2870,280
2871,3000
2872,1188
2873,6
2874,24.58
2875,750
2876,3
2877,None
2878,910
2879,32
2880,5
2881,7200
2882,96%
2883,30
2884,4/3
2885,7.2
2886,0
2887,2512
2888,900
2889,15072，5024
2890,1610
2891,270
2892,2
2893,55
2894,320
2895,-30%
2896,5
2897,72
2898,1810
2899,2750
2900,1/S
2901,527
2902,159
2903,9
2904,23
2905,131
2906,63.2
2907,120
2908,50.24
2909,320
2910,7
2911,11
2912,505
2913,66
2914,4
2915,0.894
2916,15
2917,301.44
2918,55
2919,379
2920,200
2921,24
2922,512
2923,670
2924,0.8
2925,8
2926,400
2927,1
2928,370
2929,8
2930,1320
2931,25
2932,20
2933,100
2934,5
2935,138.16
2936,125
2937,78.5
2938,22
2939,1
2940,900
2941,326
2942,1884
2943,162
2944,12
2945,2897.336
2946,9480
2947,200
2948,59
2949,400
2950,66
2951,3
2952,12
2953,69
2954,5000/33
2955,30.375
2956,7
2957,2
2958,36
2959,9
2960,4
2961,1
2962,41
2963,25
2964,8
2965,25
2966,5/9
2967,81
2968,30
2969,15
2970,9
2971,2.4
2972,60
2973,None
2974,1.2
2975,12
2976,14.6
2977,62.8
2978,12
2979,25
2980,8
2981,5.4%
2982,29
2983,1/7
2984,40000
2985,55
2986,1.7
2987,3
2988,120
2989,4
2990,38.5
2991,None
2992,392.5
2993,2240
2994,1400
2995,17_1/3
2996,800
2997,115
2998,18
2999,5
3000,40
3001,146.142857
3002,88
3003,376.8
3004,15
3005,0
3006,27
3007,43
3008,126
3009,143.06
3010,141.3
3011,0.99
3012,19.2
3013,1271
3014,0.12
3015,1250
3016,22
3017,200
3018,74
3019,135
3020,50
3021,11
3022,960
3023,80
3024,11.52
3025,384
3026,38880/9373
3027,59200
3028,752.64
3029,24
3030,0.000045
3031,742
3032,8
3033,18/5
3034,8
3035,None
3036,140
3037,10
3038,15%
3039,0.09
3040,376.8
3041,-1
3042,2
3043,3
3044,600
3045,15
3046,374
3047,1680
3048,8
3049,4
3050,8.8
3051,60
3052,100
3053,6
3054,21
3055,97.5
3056,400
3057,12
3058,560
3059,537.6
3060,300
3061,15076
3062,113.04
3063,50.24
3064,40.375
3065,65
3066,1600
3067,123
3068,140
3069,8
3070,120
3071,17700
3072,3/2
3073,248
3074,4.3
3075,625
3076,60
3077,4840
3078,72
3079,45
3080,57
3081,240
3082,12560
3083,0.40
3084,12
3085,18
3086,1867
3087,20
3088,16.5
3089,26
3090,98%
3091,None
3092,18
3093,45
3094,96.8
3095,141.52
3096,32.5
3097,1.2
3098,628
3099,3
3100,1.3
3101,None
3102,96
3103,24
3104,10.125
3105,3
3106,45
3107,300
3108,50
3109,9
3110,4
3111,360
3112,192
3113,160
3114,470
3115,1.2
3116,14850/7
3117,240
3118,8
3119,45
3120,78.5
3121,448
3122,1840
3123,20
3124,12
3125,160
3126,1_1/2
3127,2.5
3128,2
3129,400
3130,3250
3131,36
3132,20
3133,8.5
3134,1516
3135,30
3136,150.72
3137,220
3138,640
3139,30
3140,97.5，2.5%
3141,12000
3142,6.048
3143,9
3144,8
3145,214
3146,5
3147,2250
3148,1.1
3149,150
3150,11
3151,81
3152,64
3153,30
3154,5.8
3155,0.24
3156,24.98
3157,0
3158,30
3159,14
3160,2000
3161,20
3162,1920
3163,20%
3164,1.44
3165,64
3166,45
3167,26
3168,95
3169,6
3170,720
3171,40
3172,32
3173,15
3174,7
3175,140
3176,1791
3177,41
3178,624
3179,48
3180,2700
3181,36.3
3182,3.7
3183,0.7
3184,720
3185,180
3186,5.5
3187,121
3188,807
3189,S/3
3190,72
3191,340
3192,138
3193,60
3194,720
3195,30
3196,52
3197,6400
3198,1800
3199,159
3200,70
3201,96
3202,3600
3203,4800
3204,122
3205,1_30
3206,245
3207,221/3
3208,63
3209,85
3210,120
3211,5.14
3212,72
3213,8
3214,9
3215,75
3216,600
3217,400
3218,24
3219,130
3220,11
3221,25
3222,15
3223,210
3224,360
3225,175
3226,160
3227,0.75
3228,30
3229,8
3230,2520
3231,384
3232,360
3233,120
3234,76
3235,2280
3236,864
3237,3250
3238,175
3239,1352
3240,63
3241,10060
3242,1150
3243,1160
3244,1600
3245,50
3246,140
3247,370
3248,1880
3249,3600
3250,280
3251,78
3252,300
3253,1200
3254,30
3255,40
3256,6.5
3257,3
3258,8
3259,4
3260,1692
3261,8
3262,6
3263,24
3264,3
3265,7
3266,8
3267,480
3268,35
3269,186
3270,225
3271,24
3272,27
3273,8
3274,75
3275,336
3276,None
3277,7/13
3278,106
3279,625
3280,785
3281,5124
3282,6
3283,130
3284,2416
3285,5
3286,11
3287,9
3288,50
3289,5400
3290,250
3291,218
3292,8640
3293,9
3294,45
3295,29
3296,86
3297,200
3298,2000
3299,105
3300,13
3301,-43
3302,370
3303,109
3304,99
3305,11
3306,447
3307,477
3308,2272
3309,39
3310,112
3311,660
3312,84
3313,9
3314,31
3315,7
3316,63
3317,315
3318,362
3319,8
3320,220
3321,54
3322,605
3323,21
3324,7680
3325,60
3326,200
3327,8250
3328,1425
3329,32
3330,9112.5
3331,90
3332,250
3333,2160
3334,525
3335,90
3336,1620
3337,0.31
3338,8
3339,576
3340,200
3341,763
3342,95
3343,1.2
3344,37
3345,36
3346,100
3347,15
3348,1200
3349,180
3350,32
3351,13
3352,13
3353,48
3354,39
3355,2600
3356,784
3357,130
3358,60
3359,86
3360,275
3361,520
3362,204
3363,504
3364,35
3365,-40
3366,38
3367,300
3368,100
3369,10
3370,13500
3371,2205
3372,1052
3373,3960
3374,94
3375,1/4
3376,22
3377,910
3378,300
3379,256
3380,45
3381,417
3382,99
3383,12672
3384,1122
3385,84
3386,25
3387,15
3388,24
3389,34
3390,98
3391,432
3392,960
3393,60
3394,40
3395,130
3396,24
3397,25
3398,10
3399,100
3400,845
3401,90
3402,3/10
3403,52
3404,30
3405,46
3406,214
3407,1
3408,28
3409,16
3410,100
3411,6
3412,108
3413,4185
3414,3567
3415,207
3416,5
3417,149
3418,16
3419,2250
3420,52
3421,66
3422,552
3423,4800
3424,1764
3425,3
3426,6240
3427,2024
3428,4
3429,25
3430,6
3431,38
3432,1435
3433,7
3434,131
3435,33.62
3436,36.5
3437,55
3438,115
3439,87
3440,0.72
3441,90/180
3442,125
3443,10:00
3444,2015
3445,279
3446,700
3447,4
3448,45
3449,96
3450,1400
3451,172
3452,5200
3453,48
3454,2011
3455,83
3456,6
3457,152
3458,20
3459,8
3460,33
3461,3
3462,15
3463,0.336
3464,134
3465,3
3466,180
3467,180
3468,57.9
3469,150
3470,4.9
3471,15
3472,14
3473,1000
3474,10
3475,180
3476,23
3477,25
3478,8
3479,600
3480,720
3481,1.64
3482,11/3
3483,4
3484,800
3485,60
3486,4
3487,72
3488,288
3489,270
3490,20
3491,192
3492,None
3493,882
3494,10
3495,30
3496,16
3497,4.5
3498,None
3499,17
3500,6
3501,16
3502,100
3503,800
3504,4
3505,3120
3506,25
3507,50
3508,275
3509,12.8
3510,300
3511,420
3512,12
3513,7500
3514,7847
3515,5900
3516,352
3517,18
3518,6
3519,3400
3520,192
3521,8
3522,24
3523,6
3524,36
3525,500
3526,300
3527,4
3528,1
3529,58
3530,4
3531,625
3532,23
3533,320
3534,0.2
3535,5
3536,9
3537,6
3538,192
3539,276
3540,50
3541,2400
3542,12180
3543,2600
3544,25
3545,5
3546,40/21
3547,1494
3548,588
3549,2000
3550,8
3551,75
3552,1
3553,5050
3554,205
3555,720
3556,316
3557,90
3558,250000
3559,340
3560,428
3561,1720
3562,70
3563,9
3564,380
3565,175
3566,32
3567,-855
3568,1488
3569,2
3570,11
3571,6
3572,8
3573,35
3574,42
3575,8800
3576,211
3577,25
3578,8
3579,25
3580,27
3581,80
3582,74
3583,24
3584,337.5
3585,40
3586,80
3587,1395
3588,6480
3589,94
3590,4500
3591,52
3592,2.52
3593,15
3594,7
3595,2000
3596,175
3597,129.6
3598,23
3599,4
3600,194
3601,89600
3602,74
3603,817
3604,1500
3605,640
3606,40
3607,15
3608,21
3609,2
3610,3
3611,25
3612,634.2
3613,1640
3614,945
3615,8
3616,960
3617,109
3618,500
3619,160
3620,288
3621,270
3622,450
3623,221
3624,5.5
3625,530
3626,102
3627,16sqrt(44)/5
3628,1080
3629,108.5
3630,1200
3631,920
3632,660
3633,8840
3634,3575
3635,125
3636,140
3637,471
3638,111
3639,300
3640,166
3641,6
3642,72
3643,3240
3644,1077093/1000000
3645,24
3646,18
3647,2450
3648,3
3649,690
3650,20
3651,3
3652,48
3653,250
3654,168
3655,430
3656,161
3657,102.5
3658,70
3659,1082
3660,24
3661,11100
3662,5
3663,189
3664,4.95
3665,566
3666,98
3667,10
3668,485
3669,588
3670,2916
3671,1440
3672,13
3673,100
3674,2.5
3675,640
3676,10665
3677,60480
3678,9
3679,5880
3680,336
3681,−980
3682,11
3683,6
3684,7
3685,136
3686,1500
3687,400
3688,1000
3689,384
3690,50
3691,5
3692,8
3693,40
3694,1118
3695,504
3696,20
3697,2.5
3698,3700
3699,235
3700,1632
3701,390
3702,880
3703,4
3704,1350
3705,17
3706,4500
3707,72/7
3708,17
3709,44
3710,6
3711,104
3712,30060
3713,6
3714,2
3715,570
3716,10000
3717,509
3718,12
3719,684
3720,60
3721,318
3722,655
3723,72
3724,158225
3725,8
3726,40
3727,80
3728,10
3729,50
3730,1250
3731,84
3732,4000
3733,68
3734,534
3735,400
3736,107
3737,3800
3738,640
3739,14000
3740,429
3741,600
3742,728
3743,4710
3744,73/3
3745,450
3746,212
3747,9
3748,300
3749,30
3750,2668
3751,120
3752,None
3753,288
3754,1176
3755,720
3756,671
3757,52
3758,3360
3759,5000
3760,252
3761,96
3762,274
3763,18
3764,0.68
3765,11
3766,2
3767,2210
3768,300
3769,10
3770,49
3771,2160
3772,108
3773,7
3774,600
3775,11
3776,20000
3777,500
3778,76475
3779,1.5
3780,552
3781,14
3782,11
3783,175
3784,120
3785,13.33
3786,23800
3787,68
3788,414
3789,None
3790,0.65
3791,3430
3792,126
3793,65
3794,190
3795,72
3796,24
3797,288
3798,84
3799,763
3800,1000
3801,52
3802,8020
3803,3
3804,12
3805,84
3806,1679
3807,4400
3808,54
3809,53
3810,270
3811,144
3812,60
3813,45
3814,900
3815,24
3816,667
3817,180
3818,45
3819,36
3820,10850
3821,40
3822,36
3823,20
3824,120
3825,6
3826,36
3827,64
3828,2160
3829,1770
3830,80
3831,51.84
3832,112000
3833,15
3834,None
3835,60
3836,768
3837,10
3838,45
3839,2880
3840,81
3841,1232
3842,192
3843,3360
3844,6
3845,6
3846,7
3847,768
3848,15
3849,1950
3850,90
3851,256
3852,18
3853,54
3854,2520
3855,50
3856,96
3857,216
3858,455
3859,75
3860,960
3861,96
3862,140
3863,1440
3864,468
3865,3800
3866,1680
3867,375
3868,368
3869,5000
3870,2
3871,40
3872,10
3873,1344
3874,33
3875,5760
3876,54
3877,120
3878,716
3879,200/7
3880,12.8
3881,2
3882,24
3883,4
3884,15
3885,7
3886,21.6
3887,0.4
3888,8
3889,1200
3890,144
3891,18
3892,1.86
3893,108
3894,6A+10B
3895,24
3896,270
3897,9
3898,12
3899,200
3900,13
3901,不能
3902,40
3903,2800
3904,2
3905,7
3906,144
3907,168
3908,14.5
3909,0.36
3910,410
3911,6
3912,91
3913,225
3914,18414
3915,2584
3916,420
3917,20
3918,3360
3919,312
3920,230
3921,610
3922,2100
3923,60
3924,750
3925,25/14
3926,7
3927,120
3928,225
3929,64000/3
3930,196
3931,4.08
3932,9.8
3933,318
3934,95
3935,2.5
3936,1680
3937,15
3938,651
3939,9720
3940,396
3941,1247
3942,6
3943,720
3944,62.6
3945,12.5
3946,204
3947,1.17
3948,240
3949,12.4
3950,345
3951,420
3952,10
3953,324
3954,462
3955,1600
3956,682
3957,9
3958,4.5
3959,16
3960,122.5
3961,81
3962,9604
3963,5
3964,361
3965,780
3966,48
3967,18
3968,576
3969,20
3970,1
3971,80
3972,45
3973,27840
3974,60
3975,40
3976,16
3977,11
3978,25/3
3979,4
3980,10
3981,-187.5
3982,7
3983,1140
3984,17/209
3985,900
3986,51
3987,9.5
3988,30
3989,6.25
3990,2100
3991,180
3992,183600
3993,69
3994,450
3995,13
3996,18
3997,74
3998,600
3999,15
4000,2525
4001,45
4002,1485
4003,1744
4004,2402
4005,72
4006,45.6
4007,19
4008,120
4009,160
4010,832000
4011,40
4012,112
4013,None
4014,135
4015,40
4016,20
4017,178
4018,9.4
4019,24.4
4020,21
4021,48/31
4022,28
4023,230
4024,8
4025,600
4026,442
4027,0.4
4028,4
4029,5
4030,16/3
4031,18/12
4032,5
4033,960
4034,37_2/9
4035,5
4036,4
4037,120
4038,1842
4039,188.5
4040,35.7
4041,500
4042,50
4043,800
4044,12
4045,160
4046,2400
4047,52900
4048,88
4049,216
4050,144
4051,10
4052,300
4053,18
4054,72
4055,77
4056,12
4057,250
4058,234
4059,24
4060,240
4061,2692
4062,2880
4063,645
4064,6
4065,405
4066,152
4067,6133264
4068,1
4069,1008
4070,-0.7
4071,6000
4072,34
4073,9.94
4074,5600
4075,14
4076,30
4077,6
4078,251.375
4079,157
4080,24
4081,176
4082,965
4083,1712
4084,2
4085,600
4086,122
4087,1442
4088,1200
4089,11
4090,48
4091,930
4092,115
4093,20
4094,9600
4095,3284
4096,12/7
4097,3
4098,0.8712
4099,2040
4100,27
4101,6
4102,800
4103,20
4104,345
4105,1600
4106,10
4107,576
4108,61
4109,6.05
4110,None
4111,6/5
4112,5
4113,36
4114,3960
4115,90
4116,9
4117,4
4118,12
4119,690
4120,20
4121,5
4122,20
4123,9
4124,6
4125,32
4126,5000
4127,1130
4128,98
4129,75
4130,87
4131,722
4132,1095
4133,26.2
4134,384/7
4135,10.9
4136,38
4137,1/24
4138,5
4139,14400
4140,50
4141,533
4142,9600
4143,675
4144,1112
4145,1300
4146,16
4147,18
4148,12
4149,1163
4150,202
4151,30
4152,8
4153,504
4154,462
4155,39_4/10
4156,0.289
4157,424
4158,9
4159,6
4160,109
4161,80
4162,0.0785
4163,12080
4164,87
4165,50
4166,97
4167,1640
4168,15
4169,37
4170,2304
4171,58.8
4172,609.6
4173,14400
4174,1728
4175,1000
4176,28
4177,240
4178,189.76
4179,52.5
4180,71.4
4181,12
4182,35.68
4183,169
4184,58.25
4185,10.6
4186,1
4187,72
4188,0.6
4189,4
4190,None
4191,502.4
4192,143
4193,1
4194,5.333
4195,9.42
4196,100
4197,96
4198,50.24
4199,27
4200,1440
4201,3
4202,130%
4203,25x-32
4204,3.14
4205,4687.5
4206,7
4207,899
4208,110
4209,1620
4210,83
4211,16
4212,1104
4213,2.18
4214,260
4215,1/30
4216,4
4217,40
4218,75/32
4219,1050
4220,1
4221,60
4222,168
4223,384
4224,29_7/3
4225,165.08
4226,2
4227,360
4228,22
4229,188.4
4230,3
4231,9
4232,9.02
4233,12.5%
4234,9.42
4235,54
4236,3
4237,1.08
4238,2
4239,34
4240,90
4241,30
4242,80
4243,490/3
4244,479
4245,1280
4246,700
4247,36
4248,440
4249,20
4250,24
4251,27
4252,900
4253,5
4254,112.5
4255,1.96
4256,4802.4
4257,10
4258,190
4259,25
4260,12
4261,548
4262,46
4263,738
4264,288
4265,8
4266,0.9
4267,54
4268,10
4269,10
4270,4
4271,38
4272,820
4273,63
4274,48
4275,540
4276,432/5
4277,140
4278,30
4279,5472
4280,306
4281,122.46
4282,9
4283,50
4284,27
4285,225
4286,6
4287,2700
4288,90
4289,495360
4290,2.5136
4291,9
4292,11
4293,5855
4294,210
4295,144
4296,64
4297,-414
4298,280
4299,7500/121
4300,0
4301,0
4302,1440
4303,1.75
4304,160
4305,73
4306,21
4307,2
4308,5.4
4309,200
4310,13440
4311,1900
4312,30
4313,72
4314,25%
4315,10%
4316,2646
4317,111
4318,5001
4319,18
4320,183
4321,4
4322,255
4323,96/25
4324,9
4325,75.36
4326,4640
4327,2
4328,60
4329,0.61
4330,128
4331,2606
4332,15
4333,288
4334,342
4335,68
4336,1/3750
4337,327
4338,32
4339,16
4340,8%
4341,450
4342,9
4343,2x-360
4344,88
4345,5.4
4346,40%
4347,48.2
4348,8.33%
4349,5.6
4350,13.2
4351,534
4352,6
4353,16
4354,1
4355,28/25
4356,1200
4357,126
4358,1.30
4359,18
4360,25
4361,1
4362,1
4363,4
4364,4500/13
4365,120
4366,18
4367,16/15
4368,60000
4369,49/15
4370,54
4371,8.358
4372,2
4373,0
4374,9
4375,3/5
4376,38
4377,199
4378,50
4379,18
4380,98.7
4381,100
4382,9.92
4383,45
4384,284
4385,10
4386,4.3
4387,4.2
4388,750
4389,40/19
4390,2000
4391,1568
4392,6
4393,3.6
4394,40
4395,6400
4396,6400
4397,2001
4398,1
4399,7
4400,30
4401,1
4402,48
4403,5
4404,300
4405,80
4406,0
4407,16.8
4408,13
4409,6
4410,2910
4411,61
4412,5.4
4413,426
4414,309
4415,2/3
4416,9
4417,80
4418,20
4419,270
4420,6.6
4421,75
4422,20_4/9
4423,12550
4424,2860000000000.04
4425,60
4426,9360
4427,12.6
4428,125.6
4429,None
4430,9.5
4431,20
4432,1/12
4433,64
4434,4
4435,266
4436,100
4437,10
4438,82.00
4439,3.14
4440,10
4441,2000
4442,750%
4443,2250
4444,12567/35
4445,6/5
4446,9.1
4447,154.286
4448,8_7/9
4449,235.5
4450,28.26
4451,6
4452,37.68
4453,35/9
4454,80
4455,48
4456,945000
4457,90
4458,5
4459,8
4460,21600
4461,141.3
4462,120
4463,68.44
4464,125.6
4465,28.26
4466,7.065
4467,3613/5000
4468,90
4469,560
4470,204.3
4471,375
4472,254.44
4473,3
4474,26100
4475,50.24
4476,4
4477,16
4478,200
4479,120
4480,1
4481,420
4482,75.36
4483,438
4484,240
4485,150
4486,288
4487,2
4488,5
4489,50.24
4490,31.4
4491,0.9
4492,1884/1
4493,3.5
4494,4000
4495,36
4496,37.68
4497,None
4498,0
4499,410
4500,388.8
4501,34.875
4502,4
4503,420
4504,25.12
4505,40%
4506,62.8
4507,12.56
4508,15.7
4509,2100000
4510,25
4511,15/16
4512,10
4513,7/200000
4514,12
4515,8
4516,4_π
4517,254.34
4518,65.94
4519,34
4520,1/9
4521,1.8
4522,1700
4523,9.42
4524,16.92
4525,74.534
4526,7.536
4527,7.3
4528,1920
4529,800
4530,6
4531,75/4
4532,5000
4533,96
4534,12.5
4535,144
4536,135
4537,1256
4538,0.51
4539,219.8
4540,2300
4541,10
4542,96000
4543,28.26
4544,68
4545,30
4546,480
4547,12
4548,24
4549,1204
4550,50.24
4551,16%
4552,12.56
4553,80
4554,0
4555,46
4556,160.14
4557,2355
4558,0
4559,8
4560,2
4561,21.98
4562,10.8
4563,60
4564,3040
4565,48000
4566,334
4567,41.4
4568,314
4569,95%
4570,180.6
4571,205.0536
4572,None
4573,188.4
4574,125.6
4575,12
4576,1
4577,5024
4578,301.44
4579,2.4
4580,4
4581,18.84
4582,60
4583,5.024
4584,6
4585,6.28
4586,9.42
4587,4/25
4588,0
4589,3000
4590,19/3
4591,4
4592,40
4593,2198
4594,5.461
4595,2
4596,20/3
4597,0.5
4598,14
4599,None
4600,6280
4601,40
4602,90
4603,175
4604,2.512
4605,3.14
4606,706.5
4607,39.25
4608,23/11
4609,1325
4610,100
4611,6.28
4612,19.625
4613,62.8
4614,3
4615,9.42
4616,0.3
4617,3768
4618,240
4619,18
4620,12.56
4621,95.5%
4622,12
4623,718.75
4624,83.98
4625,800
4626,8
4627,None
4628,90
4629,1.2
4630,27.6
4631,105
4632,70.24
4633,10.2
4634,None
4635,19
4636,50
4637,218
4638,5
4639,7/3
4640,45
4641,0.785
4642,12.56
4643,4735.05
4644,7570
4645,1414
4646,125.6
4647,64
4648,4
4649,5
4650,75.36
4651,33
4652,15000/7
4653,35.5
4654,1000
4655,2
4656,1890
4657,12
4658,20
4659,8.7
4660,60.825
4661,1530
4662,1810
4663,1.5
4664,10
4665,4
4666,12
4667,0
4668,10
4669,7850
4670,32
4671,251.2
4672,33.1
4673,None
4674,56
4675,3
4676,78.5
4677,16%
4678,92.15
4679,673.03
4680,36
4681,33/56
4682,25%
4683,6
4684,987.616
4685,2000
4686,0.75
4687,200
4688,900
4689,13/25
4690,144/55
4691,0
4692,75
4693,21.98
4694,31.4
4695,87.92
4696,45
4697,2.4
4698,2910
4699,78.5
4700,1109
4701,32
4702,5
4703,4
4704,5/3
4705,6280
4706,750
4707,378
4708,402
4709,32
4710,10%
4711,-555
4712,0
4713,112
4714,1291828.4
4715,1
4716,18.7367
4717,251.52
4718,720
4719,21.2
4720,None
4721,562
4722,894
4723,0.010378
4724,21.98
4725,28.26
4726,24
4727,30.4
4728,78.5
4729,37.5
4730,None
4731,120
4732,300
4733,36
4734,11200
4735,53.38
4736,226
4737,8
4738,1500
4739,1600
4740,25.12
4741,176.725，254.34
4742,1
4743,12.56
4744,2000/3
4745,383.95
4746,15
4747,42
4748,351.68
4749,226.08
4750,14
4751,24
4752,2.355
4753,58
4754,1/9
4755,6630
4756,6.28
4757,54
4758,111112
4759,2288
4760,1.26
4761,3
4762,-0.38
4763,200/1
4764,22.5
4765,15/8
4766,1892
4767,1256
4768,1008.6
4769,3265.6
4770,40.784
4771,39.676
4772,12.597
4773,1950
4774,502/251
4775,5
4776,25.12
4777,23.55
4778,-7.5%
4779,36_π
4780,47.1
4781,87.92
4782,5
4783,8
4784,564
4785,1962.5
4786,600
4787,0.6
4788,4
4789,0.785
4790,9.8
4791,4770
4792,78.5
4793,1256
4794,72
4795,37.68
4796,706.5
4797,56.52
4798,3
4799,56.16
4800,1962.5
4801,1256
4802,4.1
4803,8
4804,125
4805,1729.9136
4806,5093
4807,942
4808,25132.96
4809,1310784
4810,326.56
4811,3768
4812,20
4813,1000
4814,20
4815,512
4816,0.9
4817,31/40
4818,9
4819,1750
4820,5
4821,452.16
4822,12.56
4823,3.3575
4824,4.40
4825,1600
4826,240000
4827,172.5
4828,4
4829,146.27
4830,XXXX”，且这里只有一条路径，所以答案就是150
4831,2826
4832,616
4833,3
4834,2512
4835,45
4836,120.0
4837,1267.592
4838,100
4839,9.42
4840,None
4841,200000
4842,2
4843,10.7
4844,1/15
4845,550
4846,4
4847,20
4848,696
4849,384
4850,4
4851,7.5
4852,108
4853,353
4854,8/15
4855,20
4856,18
4857,3000
4858,23.2
4859,1/30
4860,1
4861,157
4862,None
4863,3
4864,10/9
4865,100.48
4866,15
4867,20/3
4868,189
4869,85
4870,84
4871,9/40
4872,50
4873,753.6
4874,3
4875,251.2
4876,1256
4877,251.2，502.4
4878,192000
4879,3/2
4880,27
4881,8
4882,17.5
4883,1/5
4884,4
4885,90
4886,16
4887,7
4888,51
4889,14
4890,1/2
4891,85
4892,15.7
4893,4950
4894,1/10
4895,6
4896,100
4897,90
4898,8
4899,None
4900,48
4901,20
4902,0.3
4903,1780
4904,0
4905,50.24
4906,20
4907,2
4908,-10
4909,236
4910,256
4911,308.86
4912,3
4913,3
4914,2
4915,18
4916,20/3
4917,36
4918,6
4919,9/20
4920,4
4921,405
4922,42
4923,8
4924,40/21
4925,27
4926,334
4927,6
4928,100
4929,1
4930,96
4931,0.0018
4932,5
4933,9.42
4934,31.5
4935,13/5
4936,38
4937,23/5
4938,8
4939,7.75
4940,7.2
4941,3
4942,21
4943,90
4944,405
4945,20/7
4946,0
4947,78.5
4948,13_5/2
4949,3.5
4950,14
4951,None
4952,None
4953,19
4954,432
4955,1/5
4956,1560
4957,13
4958,4
4959,50.24
4960,37.68
4961,180
4962,15.6%
4963,2
4964,29/20
4965,5000/9
4966,83
4967,344
4968,52
4969,62
4970,68
4971,45
4972,68
4973,43
4974,18
4975,63
4976,21
4977,18
4978,17
4979,1_5/27
4980,56
4981,9
4982,84
4983,56
4984,63
4985,18
4986,16
4987,24
4988,27
4989,12
4990,35
4991,18
4992,4
4993,5
4994,6
4995,21
4996,24
4997,24
4998,94
4999,9
5000,36
5001,27
5002,32
5003,60
5004,78
5005,125
5006,38
5007,23
5008,8
5009,3
5010,61
5011,47
5012,8
5013,5
5014,7
5015,16
5016,6
5017,6
5018,26
5019,8
5020,8
5021,28
5022,47
5023,6
5024,9
5025,47
5026,81
5027,19
5028,28
5029,20
5030,20
5031,46
5032,44
5033,27
5034,17
5035,10
5036,2
5037,11
5038,38
5039,34
5040,8
5041,4
5042,25
5043,31
5044,80
5045,19
5046,24
5047,4
5048,15
5049,18
5050,13
5051,3
5052,11
5053,25
5054,31
5055,91
5056,35
5057,90
5058,56
5059,26
5060,81
5061,4
5062,55
5063,55
5064,6
5065,18
5066,30
5067,74
5068,97
5069,160
5070,3
5071,51
5072,88
5073,16
5074,24
5075,57
5076,26
5077,4
5078,42
5079,7
5080,27
5081,30
5082,35
5083,16
5084,6
5085,56
5086,32
5087,24
5088,18
5089,33
5090,36
5091,16
5092,24
5093,23
5094,8
5095,6
5096,8
5097,16
5098,15
5099,18
5100,7
5101,9
5102,2
5103,15
5104,49
5105,18
5106,33
5107,7
5108,19
5109,20
5110,82
5111,21
5112,8
5113,27
5114,0
5115,29
5116,None
5117,150
5118,75.36
5119,16
5120,19_2/3
5121,2400
5122,800
5123,6
5124,5906.67
5125,12.85
5126,32
5127,34
5128,80
5129,5
5130,125/6
5131,50/9
5132,266
5133,36
5134,7/12
5135,30
5136,21
5137,4
5138,12
5139,414
5140,None
5141,32
5142,0.75
5143,1791
5144,4
5145,1.6
5146,5/7
5147,0.0375
5148,7.839216
5149,57
5150,3096
5151,41
5152,3.84
5153,59.776
5154,14.58
5155,5500
5156,69.5
5157,45
5158,500
5159,225
5160,40
5161,255
5162,27
5163,4
5164,444.44
5165,7.5
5166,24
5167,48/7
5168,36
5169,37.68
5170,86
5171,3417/25000
5172,0.984
5173,3375
5174,17
5175,32
5176,175
5177,12
5178,100.48
5179,22500
5180,2.8
5181,25.12/50.24
5182,5000
5183,60
5184,175/23
5185,2
5186,800
5187,915
5188,0.14
5189,13000000
5190,2.375
5191,780
5192,36
5193,8
5194,175
5195,360
5196,20
5197,38
5198,10
5199,22.3
5200,2879
5201,0.048
5202,27
5203,14
5204,36
5205,36.3
5206,5
5207,100
5208,1.2
5209,1.28
5210,60
5211,0.06
5212,1080
5213,10
5214,270
5215,15/192
5216,4.1
5217,28.97
5218,32
5219,376800
5220,280
5221,1
5222,400
5223,80
5224,1200
5225,36
5226,125
5227,7/8
5228,12/11
5229,2000
5230,167.9
5231,12
5232,26.3
5233,30
5234,3360
5235,25200
5236,987.2
5237,9.42
5238,56
5239,108
5240,5/8
5241,2300
5242,600
5243,5
5244,3840
5245,64
5246,45
5247,26
5248,94
5249,9
5250,7
5251,720
5252,40
5253,32
5254,15
5255,6.25
5256,5.6
5257,53
5258,0
5259,30
5260,33
5261,1100
5262,476
5263,500
5264,0.3
5265,10
5266,8
5267,116.25
5268,2960
5269,7
5270,2
5271,10
5272,12
5273,25
5274,1800
5275,68.57
5276,300
5277,177.2
5278,5/8
5279,4560
5280,24
5281,0.32
5282,72
5283,1710
5284,15/4
5285,0.4
5286,100.48
5287,15.7
5288,6.25
5289,30
5290,108
5291,120
5292,-6978
5293,600
5294,100
5295,120
5296,90
5297,3
5298,28.5
5299,36
5300,5040
5301,800
5302,240
5303,737/2500
5304,0
5305,231
5306,30
5307,36
5308,4000/19
5309,1600
5310,115.5
5311,26.72
5312,1.5
5313,4
5314,28.8
5315,6
5316,216
5317,10
5318,160
5319,1920
5320,2900
5321,0.25
5322,48
5323,8.635
5324,47.1
5325,60
5326,50
5327,36
5328,60
5329,23870
5330,600
5331,16
5332,1
5333,272.65
5334,36
5335,7200
5336,144
5337,224
5338,77
5339,50
5340,9400/87
5341,259.28
5342,45
5343,384
5344,37.68
5345,565.2
5346,10
5347,384
5348,14
5349,316.67
5350,1920
5351,900
5352,350
5353,2600
5354,15
5355,400
5356,4
5357,268800
5358,13.5
5359,20
5360,2.355
5361,480
5362,156
5363,80
5364,10
5365,37.5
5366,500
5367,7.5
5368,22608
5369,0
5370,516
5371,3
5372,-10000
5373,180
5374,4
5375,25
5376,None
5377,30
5378,2665
5379,200
5380,36
5381,10
5382,80sqrt10
5383,2904
5384,126
5385,50
5386,14
5387,400
5388,12
5389,18.5
5390,75/8
5391,None
5392,9000
5393,12
5394,0.75
5395,1.6
5396,225
5397,2000
5398,131
5399,16_四分之一
5400,2275
5401,1250
5402,21/64
5403,0
5404,30
5405,0.00003456
5406,124
5407,34/2
5408,21
5409,144
5410,30
5411,80
5412,24.8
5413,89
5414,235.5
5415,26705
5416,16
5417,168
5418,480
5419,1680
5420,1680
5421,2.5
5422,10
5423,1
5424,2.464
5425,15/8
5426,3000
5427,800
5428,60
5429,900
5430,44
5431,0
5432,0.15
5433,72.5
5434,5000000
5435,1245
5436,900
5437,3
5438,6
5439,55
5440,384
5441,18
5442,90
5443,6
5444,47.76
5445,80
5446,38
5447,2.9
5448,2.7
5449,23.6
5450,5.9
5451,36
5452,1.404
5453,586
5454,240
5455,24
5456,8
5457,68960
5458,78.5
5459,300
5460,a
5461,2_π
5462,48.4
5463,None
5464,5
5465,80000
5466,15
5467,3
5468,1.7
5469,9.15
5470,50
5471,14000
5472,11.05
5473,0.000036
5474,13_33/10
5475,27
5476,15
5477,16
5478,14000
5479,18000
5480,2400
5481,56
5482,1_2/3
5483,22.5
5484,None
5485,13.5
5486,3/5000000
5487,51
5488,121
5489,4
5490,47
5491,17
5492,11
5493,53
5494,200
5495,42
5496,180
5497,18
5498,775
5499,37.5
5500,7
5501,92
5502,9
5503,1200
5504,50
5505,1.92
5506,-3
5507,450
5508,250
5509,40
5510,7
5511,2656
5512,32
5513,7
5514,190
5515,20
5516,500
5517,1200
5518,35
5519,5769.5
5520,32
5521,2016
5522,42
5523,2080
5524,45
5525,4
5526,420
5527,110
5528,2.32
5529,1080
5530,52
5531,2200
5532,270
5533,48
5534,5
5535,0.637
5536,5400
5537,247.5
5538,1.3
5539,120
5540,13
5541,30
5542,216
5543,428
5544,4
5545,18
5546,1.62
5547,1026
5548,1/7
5549,144
5550,450
5551,704
5552,720
5553,15
5554,5
5555,6600
5556,96
5557,205
5558,6
5559,12
5560,533.3332
5561,300
5562,3600
5563,760
5564,12
5565,14
5566,2
5567,45
5568,800
5569,600
5570,2
5571,7
5572,260
5573,13935
5574,160
5575,1
5576,10
5577,55.01
5578,31.5
5579,140
5580,180
5581,32
5582,151.8
5583,50
5584,120
5585,32
5586,65
5587,420
5588,720
5589,2
5590,3.8
5591,3600
5592,195
5593,1080
5594,0.4
5595,0.0576
5596,341
5597,85
5598,8
5599,5400
5600,480
5601,4375
5602,1248
5603,5
5604,5.12
5605,172.5
5606,1820
5607,7
5608,120
5609,1280
5610,68.4
5611,41
5612,84/1000000
5613,6470625/100000000
5614,48
5615,50240
5616,0
5617,154560
5618,0.3
5619,237
5620,1.08
5621,2512000000000
5622,28.975
5623,2
5624,16
5625,37.5
5626,50400
5627,280
5628,45
5629,64
5630,250
5631,1153
5632,44
5633,720
5634,400/17
5635,471
5636,61.69875
5637,33552
5638,7
5639,6
5640,37.5
5641,101.2
5642,2592
5643,9
5644,100
5645,144
5646,7
5647,113.04
5648,6
5649,120
5650,6.25
5651,113.04
5652,600
5653,375
5654,1.875
5655,105
5656,500
5657,3
5658,1000
5659,85/77
5660,120
5661,24
5662,80
5663,62.5
5664,24
5665,64
5666,1/14
5667,294
5668,30
5669,3
5670,500
5671,2.42
5672,3000
5673,60
5674,600
5675,942
5676,4986
5677,18
5678,31
5679,1500
5680,500
5681,1.7475
5682,78.5
5683,20
5684,16
5685,1720.4
5686,25
5687,696
5688,100.48
5689,375
5690,25
5691,8.63
5692,169
5693,456
5694,5
5695,110
5696,1575
5697,1600
5698,19.2
5699,1728
5700,50.24
5701,29
5702,40
5703,10
5704,210，90
5705,80
5706,42
5707,2400
5708,1.5
5709,13900
5710,1107
5711,108
5712,32/3
5713,1600
5714,1.1
5715,219.8
5716,113
5717,4
5718,192
5719,2
5720,945
5721,18.84
5722,5_11_5_6_5_6_4/_3_14
5723,5/2
5724,1485
5725,105
5726,10.35
5727,275
5728,6_6/125
5729,8
5730,5
5731,800
5732,992
5733,391
5734,5702
5735,7
5736,630.4944
5737,400
5738,2450
5739,45
5740,8
5741,6.4
5742,9
5743,90
5744,600
5745,5
5746,None
5747,15
5748,15000
5749,84.78
5750,702
5751,332
5752,300
5753,285
5754,232
5755,1
5756,142
5757,27
5758,17
5759,-14.4
5760,None
5761,7.5
5762,300
5763,98
5764,36
5765,2
5766,1470
5767,28
5768,1440
5769,260
5770,0
5771,400
5772,500
5773,288
5774,24
5775,1668.875
5776,50
5777,0.5
5778,24
5779,10
5780,88
5781,0.225
5782,192
5783,1
5784,30
5785,1575
5786,8
5787,44
5788,101275
5789,200
5790,110
5791,12
5792,2400
5793,9020
5794,200
5795,243
5796,525
5797,6
5798,39.6
5799,324
5800,234
5801,8
5802,25
5803,155.44
5804,3
5805,2
5806,40
5807,23.9
5808,63.33
5809,78_9/5
5810,9
5811,0.77
5812,43
5813,725
5814,144
5815,21
5816,135
5817,104
5818,2
5819,45
5820,17
5821,36
5822,None
5823,3
5824,20
5825,15
5826,8
5827,3
5828,240
5829,3810
5830,2550
5831,1600
5832,10100
5833,90
5834,500
5835,0
5836,62.8
5837,2.4
5838,47.1
5839,50.24
5840,36
5841,2
5842,37.5
5843,0.2579
5844,0
5845,125.33
5846,188
5847,1600
5848,140
5849,9.52
5850,5.6
5851,142.65
5852,49
5853,8640
5854,15
5855,4833
5856,9000
5857,-4000
5858,2940
5859,77
5860,20
5861,0.8
5862,98.9
5863,676
5864,99
5865,1.10
5866,35
5867,205/130
5868,20/9
5869,108280
5870,15
5871,12
5872,327
5873,None
5874,580
5875,16
5876,32
5877,72
5878,1.5
5879,4320
5880,16
5881,491
5882,150
5883,500
5884,12
5885,2800
5886,20/3
5887,9.25
5888,750
5889,53
5890,76
5891,210
5892,40
5893,199.95
5894,1960
5895,256
5896,750
5897,2.04
5898,5500
5899,1
5900,450
5901,6
5902,84.6
5903,∞
5904,9520
5905,342
5906,38
5907,14
5908,84
5909,7
5910,49
5911,9
5912,16
5913,33
5914,25
5915,8
5916,33.3%
5917,7
5918,50
5919,60
5920,46
5921,8
5922,8
5923,18
5924,41
5925,25
5926,36
5927,10
5928,794
5929,1021
5930,5
5931,800
5932,3
5933,648
5934,42
5935,26
5936,33
5937,8
5938,6
5939,35
5940,12
5941,20
5942,5
5943,15
5944,15
5945,1
5946,10
5947,24
5948,38
5949,56
5950,9
5951,4
5952,12
5953,11
5954,9
5955,42
5956,21
5957,41
5958,82
5959,44
5960,10
5961,50
5962,18
5963,36
5964,33
5965,24
5966,16
5967,53
5968,41
5969,15
5970,72
5971,53
5972,4
5973,1
5974,5
5975,6
5976,252
5977,48
5978,2
5979,12
5980,-3
5981,38
5982,9
5983,4
5984,22
5985,60
5986,9
5987,34
5988,17
5989,27
5990,10
5991,4
5992,4
5993,2
5994,18
5995,20
5996,6
5997,4
5998,8
5999,5
6000,7
6001,21
6002,6
6003,6
6004,26
6005,47
6006,6
6007,9
6008,47
6009,81
6010,19
6011,28
6012,20
6013,20
6014,46
6015,44
6016,27
6017,8
6018,4
6019,25
6020,31
6021,120
6022,19
6023,24
6024,4
6025,3
6026,18
6027,13
6028,3
6029,11
6030,25
6031,31
6032,91
6033,35
6034,90
6035,56
6036,26
6037,81
6038,55
6039,6
6040,37
6041,51
6042,88
6043,16
6044,24
6045,57
6046,26
6047,4
6048,26
6049,21
6050,20
6051,26
6052,-31/96
6053,63
6054,15
6055,88
6056,33
6057,7
6058,16
6059,8
6060,81
6061,81
6062,37
6063,79
6064,24
6065,-18
6066,23
6067,27
6068,50
6069,24
6070,19
6071,9
6072,24
6073,80
6074,26
6075,20
6076,4
6077,20
6078,1
6079,25
6080,3
6081,6
6082,22
6083,53
6084,41
6085,37
6086,45
6087,19
6088,24
6089,31
6090,42
6091,11
6092,84
6093,40
6094,44
6095,30
6096,20
6097,35
6098,20
6099,15
6100,8
6101,8
6102,14
6103,47
6104,10
6105,72
6106,34
6107,9
6108,6
6109,3
6110,18
6111,4
6112,19
6113,10
6114,7
6115,7
6116,39
6117,30
6118,35
6119,16
6120,6
6121,56
6122,32
6123,18
6124,8
6125,36
6126,16
6127,24
6128,23
6129,8
6130,6
6131,8
6132,16
6133,15
6134,18
6135,2
6136,9
6137,2
6138,15
6139,49
6140,18
6141,20
6142,16
6143,16
6144,27
6145,21
6146,8
6147,27
6148,1636
6149,2
6150,6
6151,80
6152,52
6153,8
6154,720
6155,45
6156,270
6157,139
6158,627
6159,325
6160,4
6161,40
6162,150
6163,5
6164,20
6165,2
6166,94
6167,1791
6168,528
6169,720
6170,121
6171,33
6172,68
6173,1620
6174,30
6175,90
6176,6
6177,2400
6178,4.8，0.6
6179,7
6180,39
6181,30
6182,88
6183,-40
6184,1000
6185,2960
6186,61
6187,4360
6188,560
6189,-65
6190,253
6191,85
6192,450
6193,90
6194,95
6195,-2880
6196,240
6197,5100
6198,1008
6199,36
6200,48
6201,48
6202,21
6203,144
6204,468
6205,40
6206,328
6207,9
6208,100
6209,23
6210,78
6211,136
6212,358
6213,148
6214,142
6215,2700
6216,99
6217,50
6218,80
6219,5
6220,477
6221,够
6222,129
6223,39
6224,28
6225,9
6226,52
6227,9
6228,9
6229,72
6230,315
6231,209
6232,8
6233,220
6234,14
6235,2200
6236,98
6237,96
6238,113
6239,16
6240,180
6241,33
6242,210
6243,5
6244,5
6245,535
6246,278
6247,88
6248,395
6249,150
6250,25
6251,5
6252,116
6253,200
6254,36
6255,146
6256,78
6257,100
6258,20
6259,28
6260,11
6261,66.25
6262,9
6263,768
6264,91
6265,17
6266,66
6267,12
6268,20
6269,540
6270,4000
6271,120
6272,800
6273,77
6274,41.2
6275,0
6276,0
6277,63
6278,283
6279,4
6280,5
6281,344
6282,186
6283,10
6284,21
6285,1.16
6286,3.2
6287,19
6288,1225
6289,24
6290,32
6291,510
6292,2
6293,-60.90
6294,87
6295,15
6296,1240
6297,75
6298,65.68
6299,56.7
6300,22.4
6301,13
6302,307
6303,370
6304,64
6305,165
6306,14910
6307,315
6308,6
6309,74
6310,157
6311,64
6312,50
6313,26
6314,110
6315,1/2
6316,16
6317,45
6318,650
6319,150
6320,25000
6321,64
6322,4200
6323,308
6324,1
6325,72
6326,6
6327,-2260
6328,130
6329,3.15
6330,6120
6331,11120
6332,710
6333,13650
6334,4800
6335,696
6336,125
6337,900
6338,9
6339,40
6340,162
6341,40
6342,160
6343,360
6344,2200
6345,0
6346,7
6347,3
6348,48
6349,4
6350,20
6351,1680
6352,13
6353,7
6354,250
6355,5
6356,12
6357,1200
6358,75
6359,15
6360,16
6361,110
6362,6405
6363,3
6364,1.472
6365,216/5
6366,6
6367,8
6368,3190
6369,63
6370,30
6371,24
6372,45
6373,1/3
6374,116
6375,107
6376,14
6377,1872
6378,18
6379,4
6380,13
6381,20
6382,12
6383,7000
6384,2
6385,758
6386,78
6387,6000
6388,17.5
6389,4
6390,60
6391,0.6，1.2
6392,3
6393,0
6394,100
6395,35
6396,6720
6397,5.2
6398,5.3
6399,1444
6400,158
6401,800
6402,50
6403,6
6404,200
6405,240
6406,675
6407,10800
6408,660
6409,2000
6410,12000
6411,0.7
6412,2500
6413,35000
6414,0.064
6415,176.58
6416,82.3
6417,51.4
6418,1950
6419,16
6420,540
6421,708
6422,3960
6423,45
6424,210
6425,17
6426,750
6427,180
6428,4.2
6429,21
6430,486
6431,8
6432,14
6433,360
6434,17.5
6435,120
6436,72
6437,4455
6438,18
6439,17
6440,1200
6441,无超载
6442,8
6443,1
6444,40
6445,86.1
6446,5.88
6447,188.8
6448,4
6449,130
6450,345.6
6451,32
6452,38
6453,18
6454,75
6455,10.8
6456,90
6457,1.65
6458,9.6
6459,648
6460,100
6461,9/2
6462,400
6463,110
6464,1920
6465,100
6466,2
6467,10
6468,99
6469,33
6470,60
6471,40
6472,26
6473,8
6474,7
6475,4
6476,33
6477,9
6478,10
6479,4
6480,48
6481,-85/113
6482,48
6483,-210.5
6484,6
6485,300
6486,8
6487,49
6488,600
6489,36
6490,4
6491,188.4
6492,60
6493,105
6494,2.185
6495,62.8
6496,94
6497,7850
6498,29.8
6499,24.2
6500,44
6501,900
6502,10/3
6503,240/205
6504,24
6505,600
6506,139
6507,180
6508,100
6509,16
6510,35
6511,140
6512,256
6513,335
6514,368
6515,20
6516,242
6517,68
6518,-9.95
6519,700
6520,17
6521,1298
6522,5
6523,1.73
6524,188
6525,4
6526,1440
6527,31.5
6528,62
6529,90
6530,1050
6531,882
6532,32
6533,6
6534,1350
6535,30
6536,176
6537,54
6538,170
6539,83
6540,160
6541,25
6542,1680
6543,222
6544,5
6545,188000
6546,3500
6547,25
6548,147
6549,375
6550,16
6551,1872
6552,206
6553,9
6554,4
6555,648
6556,331
6557,27
6558,69
6559,4
6560,15
6561,4620
6562,2.27
6563,25
6564,88
6565,35
6566,24
6567,17
6568,22875
6569,80
6570,160
6571,45
6572,600000
6573,450
6574,12
6575,1908
6576,900
6577,10.414
6578,4410
6579,9
6580,40
6581,360
6582,85
6583,2520
6584,4
6585,22.5
6586,576
6587,36
6588,41.595
6589,8
6590,16166
6591,1330
6592,40
6593,130
6594,900
6595,138_7/3
6596,80
6597,6.7
6598,306
6599,2730
6600,2788
6601,2250
6602,52
6603,328
6604,38
6605,215
6606,18750
6607,120
6608,18.5
6609,12.5
6610,91
6611,248
6612,4
6613,24
6614,462
6615,1050
6616,624
6617,825
6618,41
6619,356
6620,11
6621,9
6622,4
6623,576
6624,264
6625,0.2
6626,13000
6627,841
6628,600
6629,60
6630,824
6631,26.4
6632,72
6633,50.507
6634,37.5
6635,6.5
6636,30
6637,15
6638,24
6639,23800
6640,75
6641,1
6642,637000
6643,24
6644,552
6645,2
6646,6800
6647,55680
6648,13870
6649,5
6650,414
6651,48
6652,100
6653,240
6654,231
6655,10.10
6656,23
6657,20
6658,205
6659,540
6660,25
6661,266
6662,4
6663,7
6664,265
6665,8
6666,126
6667,832
6668,500
6669,26
6670,1050
6671,1872
6672,36
6673,388.5
6674,138
6675,291
6676,28
6677,379
6678,7440
6679,455
6680,70
6681,1400
6682,472
6683,21
6684,606
6685,128
6686,525
6687,521
6688,294
6689,732
6690,3/400
6691,56
6692,17.9
6693,560
6694,240
6695,56
6696,24
6697,364500
6698,1152
6699,-10.3
6700,47
6701,600
6702,980
6703,-1
6704,4840
6705,25
6706,45
6707,23
6708,18.72
6709,52.97
6710,18000
6711,10
6712,23
6713,-8
6714,22
6715,7
6716,16
6717,17
6718,18
6719,23
6720,85
6721,3216
6722,225
6723,75
6724,3724
6725,2440
6726,80
6727,5
6728,18
6729,24
6730,21
6731,29
6732,8
6733,12
6734,11
6735,48
6736,52
6737,79
6738,38
6739,96
6740,10
6741,41
6742,-21
6743,-32
6744,12
6745,-15
6746,2
6747,3
6748,30
6749,32
6750,-21
6751,4
6752,29
6753,35
6754,36
6755,80
6756,37
6757,8
6758,29
6759,17
6760,35
6761,45
6762,6
6763,20
6764,-4
6765,24
6766,4
6767,30
6768,4
6769,4
6770,6
6771,6
6772,None
6773,60
6774,20
6775,6
6776,9
6777,1.5
6778,25
6779,18
6780,26
6781,17
6782,45
6783,-43
6784,39
6785,72
6786,4
6787,50
6788,8
6789,59
6790,87
6791,6
6792,18
6793,79
6794,54
6795,10
6796,38
6797,24
6798,35
6799,39
6800,61
6801,20
6802,235
6803,22
6804,14
6805,144
6806,40
6807,100
6808,10
6809,27
6810,37
6811,66
6812,50
6813,42
6814,33
6815,47
6816,9
6817,25
6818,47
6819,81
6820,37
6821,11
6822,31
6823,23
6824,-3
6825,24
6826,30
6827,38
6828,12
6829,28
6830,33
6831,78
6832,57
6833,14
6834,36
6835,42
6836,46
6837,16
6838,24
6839,6
6840,0
6841,35
6842,7
6843,6
6844,13
6845,12
6846,9
6847,18
6848,3
6849,18
6850,3.5
6851,17
6852,8
6853,4
6854,6
6855,17
6856,9
6857,8
6858,2755.2
6859,178
6860,1360
6861,40
6862,95.45
6863,4860
6864,680
6865,8
6866,-2
6867,95%
6868,1008
6869,2
6870,160
6871,304
6872,3390
6873,1500
6874,3600
6875,144
6876,12
6877,6
6878,260
6879,140
6880,200
6881,6000
6882,108
6883,16
6884,0
6885,1000
6886,220
6887,200
6888,60
6889,71
6890,75
6891,36
6892,40
6893,3150
6894,2
6895,285
6896,512√2/1
6897,1680
6898,5652
6899,900
6900,36
6901,5
6902,5652
6903,58
6904,1
6905,952
6906,8
6907,45
6908,23
6909,625
6910,37
6911,2000
6912,40
6913,96%
6914,93.64%
6915,1/5
6916,2243.577762
6917,24
6918,758.4
6919,216
6920,207.2
6921,576
6922,0.003
6923,27
6924,121
6925,32
6926,14
6927,4000
6928,25.12
6929,1296
6930,18054
6931,4.8
6932,70
6933,40
6934,0.675
6935,13
6936,25
6937,40
6938,13
6939,8
6940,25%
6941,200
6942,60
6943,15%
6944,0.0089
6945,28
6946,4.32
6947,0.75
6948,115
6949,100
6950,300
6951,2496
6952,150
6953,126
6954,3.3
6955,100
6956,0
6957,0.577
6958,9
6959,None
6960,150
6961,96
6962,7500
6963,546
6964,5
6965,12.5
6966,156
6967,45.6
6968,25，7.8
6969,14
6970,36
6971,10
6972,3.6
6973,11
6974,36
6975,160
6976,14
6977,45
6978,288
6979,184
6980,28
6981,30%
6982,1050
6983,1256
6984,1/3
6985,128
6986,2760
6987,140
6988,200/81
6989,65
6990,4.5
6991,1600
6992,120
6993,30
6994,270
6995,1999200
6996,1300
6997,5.3
6998,300
6999,1900
7000,7
7001,2
7002,1
7003,6_2/3
7004,64
7005,17
7006,400
7007,180
7008,16%
7009,4.8
7010,123，51
7011,84.78
7012,625
7013,300
7014,44
7015,576
7016,1.5
7017,15/20
7018,24.8
7019,1620
7020,50
7021,102.54
7022,26.1
7023,84
7024,4
7025,80
7026,180
7027,2.612
7028,20%
7029,”，通常默认保留一位小数或整数
7030,70
7031,5
7032,21
7033,90
7034,25%
7035,96
7036,24/5
7037,5.89%
7038,512
7039,717
7040,6
7041,780
7042,770
7043,345
7044,60
7045,9
7046,270
7047,96
7048,60
7049,4
7050,156
7051,1560
7052,None
7053,449
7054,16
7055,80
7056,28.26
7057,5
7058,18
7059,28
7060,78.33%
7061,18
7062,209
7063,38.4
7064,50
7065,3.7
7066,1280
7067,1.54
7068,12
7069,27
7070,18.84
7071,8
7072,350
7073,2
7074,18%
7075,39/2
7076,660
7077,50
7078,2500
7079,6
7080,20
7081,200
7082,60
7083,1050
7084,1/10
7085,2/3
7086,198
7087,3.5
7088,12
7089,35
7090,96
7091,100
7092,9
7093,1944
7094,160
7095,485
7096,384/√384
7097,60
7098,78.5
7099,20
7100,40
7101,2800
7102,39
7103,0.5
7104,3
7105,45
7106,561.99
7107,25
7108,5
7109,75
7110,1/3
7111,15
7112,31.4
7113,5
7114,63/8
7115,60
7116,1080
7117,251.2
7118,192
7119,57
7120,4.8
7121,441
7122,445
7123,-136
7124,32
7125,21
7126,540
7127,84.17
7128,960
7129,95
7130,50.24
7131,9.125
7132,120
7133,400
7134,188
7135,65
7136,48
7137,80
7138,62.5
7139,56
7140,None
7141,6.6
7142,600
7143,10%
7144,34.5
7145,27
7146,92%
7147,66.7%
7148,11
7149,6
7150,6
7151,-76.2
7152,340
7153,2
7154,80
7155,2228
7156,220
7157,58
7158,123
7159,7.2
7160,36，12
7161,21250
7162,3.5
7163,4
7164,24
7165,0.5
7166,1256
7167,368
7168,93.75
7169,24
7170,12
7171,80
7172,78
7173,52%
7174,10%
7175,78.3
7176,2111
7177,1000
7178,300
7179,182
7180,1.538419856
7181,522.5
7182,1400
7183,555
7184,2
7185,71
7186,9
7187,768
7188,24
7189,-368
7190,97
7191,0.048
7192,-4775
7193,83550.066
7194,6160
7195,6.01
7196,1200
7197,144
7198,27
7199,10
7200,0
7201,510
7202,5760
7203,108
7204,162
7205,52
7206,90
7207,77
7208,9600
7209,426
7210,306
7211,4.15
7212,75
7213,1.15
7214,100
7215,31.4
7216,796
7217,62.8
7218,21.98
7219,710
7220,40
7221,2256
7222,15
7223,20%
7224,750
7225,0.000135
7226,13.68
7227,12
7228,32
7229,30
7230,-84%
7231,660
7232,3
7233,24
7234,2.5
7235,90
7236,24.84
7237,100
7238,15_15/19
7239,1.1
7240,2/3
7241,224
7242,3
7243,48000
7244,18
7245,630
7246,910
7247,1.92
7248,168
7249,2000
7250,1215
7251,4
7252,36
7253,108
7254,30/301
7255,119
7256,117
7257,340
7258,1200
7259,167
7260,60
7261,48
7262,18
7263,4
7264,864
7265,1251
7266,5280
7267,4800
7268,3
7269,5500
7270,2π
7271,113.16
7272,144
7273,XXXX”的格式，一般意味着这个方程可以写出来，或者题目可能是隐藏条件
7274,3
7275,765
7276,90
7277,125
7278,112.5
7279,40
7280,40
7281,90
7282,240
7283,10%
7284,30
7285,60
7286,7.2
7287,84
7288,50
7289,240
7290,24
7291,6940
7292,381
7293,135
7294,72900
7295,4.5
7296,240
7297,150
7298,1088
7299,55
7300,40
7301,73/80
7302,15
7303,120
7304,500000
7305,80
7306,108
7307,740
7308,550
7309,1.35
7310,0.07
7311,1
7312,8
7313,160
7314,39.375
7315,70
7316,75
7317,6.28
7318,1548
7319,15072
7320,9
7321,15
7322,480
7323,160
7324,105_5/4
7325,0.5
7326,2800
7327,0.4
7328,91250
7329,16
7330,12
7331,280
7332,5.61
7333,20
7334,0
7335,25
7336,5040
7337,194817.6
7338,19
7339,124
7340,45.475
7341,None
7342,0
7343,28/5
7344,252
7345,31681
7346,85.4
7347,5250
7348,197152/10000
7349,1540
7350,900
7351,28
7352,30.125
7353,None
7354,1000
7355,660
7356,2826
7357,243
7358,79/6
7359,50
7360,10
7361,940
7362,778
7363,8
7364,90
7365,47
7366,4500
7367,660
7368,25
7369,72
7370,12
7371,3
7372,720
7373,48
7374,120
7375,4_4/9
7376,1/2
7377,53.6
7378,50
7379,43706887.88
7380,1600
7381,100
7382,4960
7383,None
7384,5
7385,7851580.48
7386,320
7387,15/14
7388,3.14
7389,14.25
7390,6
7391,18
7392,8
7393,1256
7394,400
7395,480
7396,9600
7397,112
7398,3
7399,60
7400,64
7401,4.8
7402,10
7403,40
7404,23
7405,216
7406,5
7407,9
7408,10
7409,210
7410,151.2
7411,11
7412,100
7413,125
7414,65
7415,11
7416,7.58
7417,够
7418,195
7419,0.75
7420,13.4
7421,6.5
7422,9
7423,54
7424,115
7425,1225/1296
7426,36
7427,8/7
7428,40
7429,11600
7430,99%
7431,480
7432,42
7433,8/15
7434,51.4
7435,200，1600
7436,672
7437,11
7438,17
7439,25
7440,120
7441,4
7442,225
7443,4.8
7444,2940
7445,0.8
7446,7
7447,180
7448,7200
7449,7500
7450,78.5
7451,-7344
7452,0.8727
7453,180
7454,4
7455,54
7456,37.5%
7457,4
7458,3.14
7459,4.8
7460,500
7461,360
7462,44
7463,4368
7464,15.4
7465,5400
7466,360
7467,4.8
7468,125
7469,30
7470,1256
7471,50.24
7472,30
7473,0.15625
7474,153
7475,3
7476,520
7477,10
7478,55
7479,5.6
7480,29
7481,49
7482,50
7483,400
7484,13175
7485,156
7486,450
7487,260/9
7488,50
7489,4800
7490,15
7491,1337
7492,68
7493,80
7494,90
7495,24
7496,6.5
7497,450
7498,3.3
7499,15
7500,93.466
7501,3_628/100
7502,3.75
7503,30
7504,178265
7505,173
7506,32
7507,2400
7508,74
7509,210
7510,10/9
7511,20.7
7512,2550
7513,2/7
7514,100
7515,975
7516,69，51
7517,630
7518,0.5
7519,55
7520,1595
7521,154
7522,706.5
7523,16
7524,720
7525,34
7526,5820
7527,0.0675
7528,2.5
7529,20
7530,25
7531,40
7532,22.5
7533,880
7534,2240
7535,411.52
7536,45
7537,55_16/100
7538,8000
7539,4.7
7540,1505
7541,15.5
7542,1224
7543,13/4
7544,60
7545,251.2
7546,30
7547,75.36
7548,675
7549,0.0932
7550,80
7551,3140
7552,280
7553,65
7554,104
7555,145
7556,36
7557,180
7558,30
7559,9
7560,150
7561,3
7562,150
7563,147
7564,1_1/3
7565,384
7566,99
7567,-112.5
7568,1000
7569,500
7570,10
7571,10
7572,25.72
7573,8
7574,6800
7575,2
7576,8
7577,25.12+25.12√2
7578,24.5
7579,2/3
7580,1600
7581,126
7582,29.4
7583,135
7584,1500
7585,900
7586,1.5
7587,36
7588,40
7589,182
7590,4
7591,17
7592,20
7593,16.25
7594,620
7595,6318
7596,1
7597,106
7598,18
7599,15
7600,5
7601,10
7602,72.24
7603,24
7604,16
7605,66
7606,0.512
7607,10000
7608,41
7609,35
7610,24
7611,3.4
7612,34
7613,68
7614,7.2
7615,2.16
7616,1/6
7617,15
7618,n-1
7619,26
7620,28
7621,1
7622,10
7623,3
7624,0.98
7625,54
7626,512
7627,57.5
7628,36.55
7629,0
7630,3.79
7631,3.8
7632,9261
7633,320
7634,20
7635,85%
7636,800
7637,13.5
7638,12000
7639,105
7640,1.664
7641,3/5
7642,7/8
7643,3
7644,20
7645,20
7646,18/25
7647,None
7648,1/2
7649,1/7，5/7
7650,1120
7651,3000
7652,0.03
7653,2.1
7654,36
7655,2400
7656,19/20
7657,64
7658,20
7659,10.4，6.76
7660,960
7661,1.8
7662,7/5
7663,3/8
7664,2
7665,2/5
7666,3/5
7667,8900
7668,364
7669,98
7670,20
7671,30
7672,13
7673,63
7674,8
7675,505
7676,1
7677,2520
7678,10/9
7679,0.0204167388888889
7680,1.6
7681,3840
7682,750
7683,7
7684,100
7685,80
7686,800
7687,3488
7688,31/35
7689,840
7690,1800
7691,228
7692,8280
7693,82
7694,3
7695,534000
7696,9.6
7697,1
7698,13/3
7699,26
7700,13
7701,4.6
7702,7
7703,9.5
7704,13.35
7705,41/25
7706,3045
7707,90
7708,28
7709,148
7710,72
7711,1/4
7712,25
7713,11/24
7714,3
7715,30
7716,42
7717,599.4
7718,7/24
7719,60
7720,3
7721,187/4
7722,1093
7723,60
7724,1350
7725,2.8
7726,1/10
7727,5.8
7728,222
7729,6
7730,140
7731,882
7732,22.5
7733,0.3
7734,160
7735,405
7736,210
7737,6
7738,70
7739,30
7740,24
7741,135
7742,36
7743,85
7744,560
7745,14175.96
7746,42
7747,3
7748,260
7749,42
7750,4
7751,700
7752,1.8
7753,13299
7754,7000
7755,21/10
7756,11/15
7757,3200/3
7758,15/7
7759,143/5
7760,3
7761,7.8
7762,400
7763,512
7764,4
7765,625
7766,6
7767,32800
7768,83
7769,192
7770,230
7771,2865
7772,21/20
7773,200
7774,54
7775,423
7776,1214
7777,30
7778,20/11
7779,60，225
7780,3.2
7781,30
7782,4
7783,-22
7784,220
7785,114
7786,19
7787,432
7788,9000
7789,150
7790,89.65
7791,29
7792,250
7793,28/21
7794,6
7795,15
7796,16
7797,1/4
7798,1260
7799,2400
7800,2425
7801,17
7802,10000
7803,1/8
7804,285
7805,66
7806,20
7807,222
7808,36.5
7809,183
7810,2.8
7811,80
7812,1/6
7813,300000
7814,1/121
7815,54
7816,1/4
7817,390
7818,240
7819,2550
7820,5，25
7821,9/10
7822,5416
7823,1026
7824,0.2
7825,42
7826,11/12
7827,2/3
7828,80000
7829,0.4
7830,72
7831,1140
7832,408/17
7833,23
7834,930000000，930
7835,125
7836,37/40
7837,4
7838,16800
7839,9
7840,124
7841,None
7842,0
7843,35
7844,50
7845,1
7846,3.2
7847,135
7848,18
7849,720
7850,够
7851,13/16
7852,570
7853,7
7854,60
7855,1/20
7856,4
7857,49/40
7858,48
7859,160
7860,30，70
7861,4/15
7862,360
7863,3
7864,12.1
7865,7
7866,None
7867,9
7868,40/9
7869,2
7870,180
7871,3/4
7872,9600000
7873,12.6
7874,28
7875,1/3
7876,3_√2/2
7877,6
7878,8
7879,17
7880,1/2
7881,150
7882,187.5
7883,3/5
7884,1/24
7885,3/5
7886,96
7887,23/18
7888,12
7889,0.12
7890,8
7891,9/16
7892,3
7893,765
7894,303
7895,371
7896,2973552
7897,80/19
7898,240
7899,4
7900,14
7901,1
7902,5
7903,20
7904,5.42
7905,1/27
7906,632
7907,200
7908,24/7
7909,2x/5
7910,8
7911,0.1
7912,2.988
7913,74.4
7914,2700
7915,3/16
7916,10
7917,96
7918,1/4
7919,864
7920,5/4
7921,1/1000
7922,1/8
7923,1/4
7924,8
7925,324
7926,150
7927,900
7928,1
7929,360
7930,12.5
7931,136
7932,4/5
7933,180
7934,77
7935,8_4/8
7936,3/5
7937,40%
7938,1
7939,8
7940,7
7941,0
7942,5/12
7943,3
7944,300
7945,435
7946,10.5
7947,15
7948,0
7949,80/3
7950,75
7951,30
7952,1476
7953,5
7954,15
7955,86
7956,57
7957,2542
7958,0.6
7959,230/3
7960,4/15
7961,30
7962,175/6
7963,2
7964,7000
7965,6
7966,24.2
7967,960
7968,1824
7969,10.25
7970,71.25
7971,5
7972,624
7973,1
7974,4
7975,9.8
7976,125
7977,20000
7978,20
7979,1/25
7980,42
7981,392
7982,1_2/4
7983,1025
7984,6
7985,70
7986,None
7987,285
7988,360
7989,144000
7990,1236
7991,72
7992,8
7993,1200
7994,193
7995,1/2
7996,48
7997,9380
7998,5/7
7999,63
